tau1,tau2,tau3,tau4,p1,p2,p3,p4,g1,g2,g3,g4,stab,stabf
9.60683364118954,9.67419707110396,1.12653229088393,6.6465829115011,4.24872097521604,-1.36086268556499,-1.6444221670024,-1.24343612264865,0.34659260994565,0.33488313680731,0.943077665125593,0.867159229450988,0.005195955563720901,0
1.77983403088708,1.34199951707209,5.51204423713622,5.61881919690052,4.33422792296727,-1.65978804367114,-0.693636039540521,-1.98080383975561,0.736797245782252,0.384706406157039,0.732971454382996,0.709538405171891,0.014759848893871465,0
4.58569026236781,8.73374083781579,4.13339093405691,2.43305621589938,4.54580605332541,-1.79575259648651,-0.760712359901925,-1.98934109693698,0.749258464681967,0.0515257160812942,0.7693781749821,0.568069446585591,0.009170022596233458,0
9.35541954576937,3.139747203729,2.99761741895234,4.84628792735888,4.03593634420459,-1.18166444844678,-1.03763700665794,-1.81663488909987,0.823626806874707,0.38318516945357,0.149698734038634,0.464116882008045,0.02710366264283766,0
6.50921265387078,5.56585318157736,4.03038604209707,8.99207031560852,3.28788892644503,-0.71618774347934,-1.19246883448339,-1.3792323484823,0.699352136839004,0.468202476648694,0.42813751733591,0.833837722293895,0.009156887128569397,0
8.25480547540116,7.1965053305913,6.64244645298588,8.3666037263834,3.92785146099609,-1.03741846316507,-1.48735252389885,-1.40308047393217,0.334032320979843,0.921507078342694,0.901161243150347,0.623502828809886,0.02301753084155887,0
8.75193033697443,6.82316409080309,8.92910035797126,6.41104194687717,3.51047263150936,-0.707617978335626,-1.40669517351136,-1.39615947966237,0.410499881049839,0.425308194139858,0.597661386873357,0.900678112435092,0.016495258510996938,0
5.53856565442017,3.4790141141299,4.23941506385523,3.56624868626966,3.45338343129821,-1.59331205661171,-0.768967400628142,-1.09110397405836,0.894725262736079,0.720867640465159,0.850312796591196,0.198311538595884,0.019060280929100535,0
4.09196769070005,8.49119578886418,6.68838069166687,5.55245690452557,2.71167562719552,-0.554849512504716,-0.919886445621785,-1.23693966906902,0.989597166556884,0.64845296574265,0.743016043426823,0.776523616320706,0.024532832480695817,0
8.65920896986948,7.28911291116443,9.66773699453975,9.35228182106519,3.96152792104811,-0.738473765649949,-1.55238051681869,-1.67067363857947,0.375039680798236,0.715260536785022,0.577489140680498,0.919444072630934,0.022957506930283558,0
4.58473538934096,5.787992220069608,3.813430490520368,4.90478532883614,3.751316748530761,-1.5478572984556578,-1.3364916839327454,-0.9300358335214308,0.5559476442512196,0.4597846917625056,0.5903032077886117,0.5132267007503662,0.027092749704279863,1
7.86925058471438,9.37287644952962,9.47519940652341,0.68850290014348,4.12836809838007,-1.51130696212905,-1.32395306155048,-1.29310807470054,0.803326837863127,0.689139093085056,0.951537228494519,0.590223300412253,0.010357793789664935,0
6.52095980022617,6.45494412615057,3.82754907897471,2.7136532827123,3.26120964848221,-1.33839712539053,-1.36618867705661,-0.556623846035067,0.658997270316276,0.628716981360625,0.221744850465587,0.417847132000144,0.029299400400038877,0
6.55637436034989,5.59166927385497,4.37179461759379,3.93963570307149,4.69512555241707,-1.70231792538158,-1.40655741713967,-1.58625020989582,0.540497118467124,0.261828701823791,0.0843665052493371,0.552801930058987,0.008171277892480969,0
8.87155848547126,9.26580067879423,5.61190173598976,6.52092575180965,4.29651527544653,-1.81537696292502,-1.13999815142299,-1.34114016109852,0.906564714997258,0.927600225609833,0.834428286200754,0.483806175281482,0.012202716019539343,0
4.33032232336501,3.54096038735321,4.7433269275377,6.10571340636153,3.25425372792428,-1.42218693310511,-1.18490503987367,-0.647161754945503,0.80578056266919,0.0898843720345118,0.875022269886224,0.641207692436376,0.012985189573921505,0
7.42279663084238,7.56821216268244,5.93535984603433,0.599771403242496,3.06499121234833,-1.15530140146686,-0.869672259519854,-1.04001755136162,0.347179513625399,0.982046282453915,0.378197597735013,0.120649481687221,0.00941439027360489,0
3.87977055207764,6.38411740240509,1.36219919267313,9.72093548750512,3.58235831537722,-1.37845756884563,-1.00883659410542,-1.19506415242617,0.835323852414963,0.596304768564381,0.061987519830442,0.287145678483961,0.02571149601853596,0
6.141726559338715,7.157521386976623,7.375421671652488,3.9404181917959855,3.8179727110755253,-1.415303254945577,-1.2824380462093732,-1.3110420894939785,0.6621499315746817,0.23531440354588393,0.4804908800585989,0.5681732755962111,0.06104468865835144,1
8.69091205922438,2.7066396456111,9.80256402156531,3.62372867018301,3.30009709768669,-0.924591813350411,-0.959827589071088,-1.41567769526519,0.550107722800325,0.974773500746651,0.249461027412663,0.710381345046691,0.028867293824965248,0
1.7125885393035,5.9085055384641,3.8580421860835,6.88867965889751,4.71181119895783,-1.45717889755006,-1.46177338087879,-1.79285892052898,0.685386826107077,0.861231861963248,0.324044806757489,0.335645049435396,0.012264705049600526,0
4.82587930016532,6.70527387933736,9.04583987503087,3.95497431016869,4.76768868555775,-1.57576470378074,-1.53492490412182,-1.65699907765519,0.328677079374163,0.790449985404853,0.937129300452557,0.622044052899851,0.014101252401906721,0
4.64842380029048,8.8557331027057,6.01256910010333,4.76991780090757,3.49185136578105,-0.937352427165175,-1.09403222809084,-1.46046671052503,0.616723604625589,0.13505814319095,0.838903997313492,0.681784670190861,0.021036686398500842,0
5.11563262044347,5.71187278541522,5.84566204550601,6.25440658410275,4.22253342446743,-1.32074622618257,-1.32206670487956,-1.5797204934053,0.449610910846508,0.208083712004693,0.942931445220511,0.656163022422383,0.014981474062353027,0
7.96148447231264,3.881030380225,7.35965987398233,7.01682519234143,3.67534133481797,-0.501580528471712,-1.87643154742718,-1.29732925891908,0.311359870318816,0.366317321358562,0.948552305799573,0.887182387672545,0.007093812750465424,0
5.56720682024518,6.19416867635875,3.733002876295,2.61131295504083,3.788588250097,-1.46310388606769,-0.92592067209346,-1.39956369193585,0.539161193275192,0.274401373116465,0.526354558576903,0.999409449792932,0.011954151856624878,0
4.49269958902797,7.71278676856478,7.82312253178514,5.088850363626,2.89292112381655,-0.976926881289249,-0.987074474704009,-0.928919767823291,0.413785133528839,0.176321436443892,0.740223331924918,0.445623949938273,0.02780625004180895,0
9.3307544954238,6.84795539662894,2.3912291346364,9.64339930193473,5.21488005772108,-1.83918625826873,-1.44463747653632,-1.93105632291603,0.912079380678536,0.281284524515729,0.0510801657900377,0.433938636198108,0.0051188557263869465,0
4.90334346218368,9.10048563836375,7.2254578074628,2.48003009919702,3.5545762752859,-1.10533136302987,-1.2205981567458,-1.22864675551023,0.172153697166559,0.677542118748112,0.722896370694289,0.434011045402685,0.027516813861391064,0
4.9256117126104,7.54386292499253,3.60246149325179,5.94359999761434,3.58839791740674,-1.10344820626416,-0.753639444102021,-1.73131026704056,0.584539798677798,0.69812503046373,0.116270024892878,0.762803826327017,0.0268949595893601,0
3.56816515780983,7.59922148353214,1.91173533747238,7.34173222804302,3.34684235055302,-0.833822204737482,-1.95658632667792,-0.556433819137618,0.9437802484786,0.474334643529745,0.371856385973722,0.755731684191085,0.006350782281385318,0
9.57443272815265,6.22965040698171,4.47899273819502,7.95240878867047,4.0373372800723,-1.38947206794614,-1.69592723321619,-0.951937978909968,0.50684011569157,0.461307472510566,0.758852999008815,0.545169292328975,0.017944724253248105,0
3.89670288867586,8.34831729040876,4.85676051773749,9.85278348797662,4.81366801986872,-1.93886352890695,-1.68295435406428,-1.19185013689749,0.441028695994311,0.809625891909717,0.174739676747192,0.529082273948934,0.005131787814715384,0
5.07316593833682,2.92363739064484,2.34399065768652,4.71745771662618,2.59291946548725,-0.562271942759189,-0.808731649970403,-1.22191587275766,0.0647583048025751,0.891602397489755,0.19946044090352,0.820262599474491,0.02075319628133084,0
5.27819518133834,9.7203359017956,5.82030600580242,7.63545199947038,4.0729985925048,-1.88963495418942,-1.64851129826157,-0.534852340053813,0.262863215231848,0.583338025970908,0.684595177131145,0.323466552139127,0.027942525864590735,0
2.91173022872414,8.84144119560152,7.91724162848366,8.64160339866788,2.37867177115971,-0.816832754651073,-0.97439571757986,-0.587443298928777,0.908535306406126,0.486453536740054,0.878447852497342,0.916685340534218,0.024821857668708404,0
4.97434654430676,5.30395508117734,7.37965212948127,1.65816232065407,5.10766315424976,-1.72022623354844,-1.40074548564606,-1.98669143505526,0.596621987149897,0.724431273405012,0.754256163895727,0.0828057391288108,0.02013640721326742,0
4.92954244114897,9.94174594281636,6.38029829650946,1.56143743076508,3.20085732976603,-0.87435621608604,-1.3454724077206,-0.981028705959395,0.055272764397033,0.884223935359897,0.979121044057568,0.6512898416625,0.02035702587943021,0
8.55586595299547,7.14607346209816,4.42059518715371,5.15775623609027,3.47745099312312,-1.34548197581349,-1.17500861876936,-0.956960398540273,0.366013584311522,0.805988319191579,0.129703773962026,0.592859741515023,0.010786595477424776,0
5.97901536582659,7.17442360801086,2.16422816414875,3.97860262191045,3.64252117411599,-1.77344629408234,-0.56999928761787,-1.29907559241578,0.603010353390792,0.511733258582146,0.166364309444334,0.90375954284341,0.006818405488908764,0
3.11008428042587,9.1027641737102,4.58738920017219,7.69075320506689,3.09962621699305,-1.04318487774737,-1.10258610669492,-0.953855232550763,0.559092504071578,0.218254132146392,0.63833183157759,0.740087721999317,0.007105018067340322,0
6.63179798896736,3.06476630894197,5.43313938379663,3.16738124572854,2.50540204225201,-1.02424630299613,-0.800846867299778,-0.6803088719561,0.169195461916452,0.868736167151381,0.714345883196275,0.524640664055449,0.010712044768812233,0
7.69554028153005,6.78724973260649,0.915779289244185,6.46757065047075,3.77679049170872,-0.726108428860293,-1.51027652030392,-1.54040554254451,0.529216515128599,0.780081157004756,0.10911546575164,0.251294550490101,0.022906502583849537,0
4.10682478016657,5.4828531710749,6.82900903623045,0.912511173243821,4.03391320230758,-0.962031379593222,-1.15336929798548,-1.91851252472888,0.622111978672274,0.467005698236667,0.632805957341517,0.317220534647702,0.028414033937388318,0
4.00029608601649,3.850477634212823,5.737441760387425,5.675101322988565,4.027242195720056,-1.40948467759781,-1.5232110545550768,-1.2500621210382254,0.46960131046724757,0.534905455246916,0.4925158492586865,0.5505975128566869,0.041410687271290755,1
8.65688227467362,9.95653164291144,8.88929142052005,5.5456139411571,3.11588843103452,-0.713249176707619,-0.729342185760522,-1.67329706856638,0.821053899897635,0.986925542356758,0.321588732005724,0.606281784868493,0.015311693399771679,0
4.271441987674634,5.308597864292402,3.7818087465841446,7.2019389464726435,3.900607345566599,-1.2264891046801956,-1.1349449238793117,-1.322230913240296,0.5454066313120316,0.47826710977180087,0.2661125723766481,0.6538890164203782,0.02309700827839369,1
8.44385260631516,3.21634856537231,4.67387774486457,9.37919601781361,3.18327443057005,-0.855525272905943,-0.807997783067869,-1.51975137459624,0.447119117069929,0.308052024521467,0.701998982046768,0.174500310793481,0.016743530158726323,0
3.89952177126213,4.23391327565622,4.70018381411128,6.91771504277157,4.61667773279386,-1.8540959540255,-1.19660062866705,-1.56598115010131,0.570603604596322,0.87497067849319,0.809051807803094,0.269189100525043,0.021018501532223392,0
7.33958407763336,3.30672141428215,8.57108742598619,1.40846900985298,4.25264088901818,-0.821070822254172,-1.94362601069395,-1.48794405607006,0.742928737520081,0.905559018368267,0.436067266300428,0.203536331666415,0.012008444452790555,0
4.06964217552163,1.63371007630974,8.37905436778656,8.63886721669504,4.21802046193786,-1.7693807130129,-1.44928406519407,-0.999355683730892,0.609456319788713,0.941626015010862,0.237742256314089,0.777013837643793,0.007998267161615114,0
6.27249450112967,2.87329351296856,8.390792574598,3.06560269883324,4.87221362557177,-1.44297505174973,-1.88676309417208,-1.54247547964996,0.455172292948393,0.546527969095045,0.848136716255806,0.419497578130283,0.015120697905607935,0
8.3526072976706,8.41484376106062,2.03289903883632,4.72876871908943,4.69671182660036,-1.44531526372724,-1.3862895177227,-1.86510704515042,0.290735352396694,0.731536069303429,0.498487394808596,0.978539509910498,0.020291164413148745,0
8.75088118225584,5.1883572732402,8.43953437083146,4.92430628578602,4.69929274724383,-1.86234251905439,-1.32879398210137,-1.50815624608807,0.600072321381865,0.566037018619704,0.659315233109036,0.205088377080542,0.025929882507972103,0
9.52820648686899,8.15420525098011,6.12688976377594,2.41194188437542,2.75671757398595,-1.00240243064455,-1.17035040932766,-0.583964734013739,0.490765101802492,0.333025209508507,0.668962675571702,0.767824017989836,0.022535679705297268,0
3.640386867840499,3.627619926694734,4.920421021986092,7.34437972222363,3.733370393435956,-1.3210792352882659,-1.0568417874970426,-1.5689157390739774,0.674389949648521,0.680831674625299,0.3585275778357309,0.536459915557983,0.07266547579095871,1
8.37218878381399,6.61399950612503,7.97516596575422,7.57065520326333,3.43240330879344,-1.87176193970992,-0.749266096655058,-0.811375272428466,0.650829374167945,0.762333083058293,0.509164423141365,0.329944981204461,0.007216987098615863,0
5.65464763991513,7.25839613778781,5.76841492378018,9.93240745431746,4.05816110871755,-1.1200753058849,-0.954416352322709,-1.98366945050994,0.979870152299594,0.0642419632295775,0.45364244927056,0.975647082166913,0.014099551846864875,0
3.24593437962609,8.36046282211316,4.3982055412163,9.63293505930396,3.31552595635308,-0.730478067957819,-0.79769395939426,-1.787353929001,0.540723816971582,0.48530323550067,0.232031767725692,0.413867479804259,0.027036946995552355,0
6.584074664326252,3.763151259477686,4.365431236460701,5.302522953901758,3.9569057650355286,-1.2360132709535143,-1.2692553560663946,-1.2981944419454716,0.5043076857654493,0.9439425760015548,0.4723355203430874,0.5220484743964068,0.07485764843979706,1
1.18279534560547,9.1818930611403,2.89454336798723,6.82112931618636,4.94437260819609,-1.35822105555683,-1.60077988757816,-1.9853716650611,0.869973833605186,0.799112656970782,0.318198710882963,0.705648163619838,0.02836845304479262,0
9.26141009701084,8.69098148499435,3.89400777914346,2.5723685967852,3.17368376333563,-1.07277676786191,-0.809994230670191,-1.29091276480353,0.610547517737,0.734434883523772,0.795811363038997,0.054113362614183,0.005062825763727648,0
8.72393123890198,2.44714576588239,5.45331048946074,3.9480461831047,3.22252101169193,-1.63254453531177,-0.956788090638211,-0.633188385741948,0.830457193592761,0.407461930700975,0.603005744506964,0.988075054975938,0.02005553388231496,0
4.96138661141064,3.16321753879307,2.21030829707345,8.41188484880269,2.69450428725157,-1.50401079821271,-0.562203675533808,-0.628289813505055,0.510133666136644,0.817654985538137,0.472236871328043,0.885828703575819,0.029982649102976038,0
3.6217044222764687,4.7728958366206395,6.351163394027766,6.223386513884551,3.8781123637216792,-1.4350023589170862,-1.2133807345001049,-1.280622030370317,0.5424908013735951,0.4242983409049326,0.48422460238889337,0.5579618668616773,0.02854216468342935,1
0.994039413310424,1.60440358417907,4.07195543540884,2.68233035362031,3.84015086091066,-0.713538592870871,-1.37181350717091,-1.75479876086888,0.738807734852369,0.933203518689102,0.734125542097465,0.962860047028116,0.0165924610173863,0
0.926462569196371,5.61756783248904,9.55757874859124,7.33300793242508,3.05704649469562,-0.533576054688962,-0.85473540684199,-1.66873503316467,0.0640492715757631,0.113625744480779,0.719134604112739,0.437885641670475,0.017681779553933137,0
8.17647311811817,0.860798995990166,7.22414394168657,6.25918146019634,4.3932934620182,-1.47708746139422,-1.76663386485737,-1.14957213576661,0.638819445238385,0.7599338551258,0.197430202488604,0.675225723454576,0.014549439559875001,0
1.31747713422587,3.67594785867891,9.40676232675037,4.02243830534945,4.18185437465615,-1.02382273991328,-1.72867023703679,-1.42936139770608,0.370096657166816,0.118600694520436,0.736335220307729,0.919218278321242,0.018541854909407542,0
5.2847124671571,3.7674777244007145,5.565915354473781,6.507307572433485,3.743921130416649,-1.0188345308337188,-1.3778445562030461,-1.0605420373177115,0.39258576762999986,0.7880436440294363,0.47168614300759365,0.4553135745215302,0.0723869853024459,1
7.04252569252714,6.40694920034782,1.25700477197546,4.66054672540842,3.27059369310366,-0.761346797709598,-0.810779753897095,-1.69846714149697,0.953289622948656,0.535183357636203,0.357692816199386,0.486756208659133,0.01158901872350486,0
2.62291047757519,8.55778136335632,8.75814488273622,8.51573869102081,2.97836317941367,-1.10065168498573,-1.16059934855426,-0.717112145873683,0.053713622926987,0.58090944562322,0.609023369896968,0.376860292883961,0.01742473883248287,0
2.64620907647198,3.21448415005759,9.36256907621714,8.32163544467908,2.21474217431123,-0.761455585505778,-0.805578404294269,-0.647708184511179,0.99296954766767,0.654467985691389,0.692678024325445,0.592931034358336,0.00987939662880372,0
3.43550311733494,2.97614996141669,7.07559795478216,8.44932278793298,3.55566995646581,-1.05266006879061,-1.00200551680415,-1.50100437087105,0.621455586605935,0.173042562838829,0.818877401149443,0.653748096072706,0.01259448984127003,0
4.95812695872346,6.11442241030803,9.92508006386242,3.29542003791861,3.86263639603303,-1.39986804241706,-0.656178820836439,-1.80658953277953,0.405624975887013,0.648926380757195,0.925777980531282,0.181286238195662,0.012195906821577469,0
6.913728716984906,4.204618434270895,5.080253349255419,4.104402833721241,3.2709982526651995,-1.2829328477914659,-1.132880872796409,-1.3092637240575817,0.5818204465526372,0.6281958384189703,0.49985523737602333,0.6015001060234824,0.06921340689120303,1
5.25770886693805,1.32981609964389,7.74313186180292,5.93679833753806,2.69316857690782,-0.642217132771783,-1.1656119238692,-0.885339520266838,0.766948309662811,0.545731456944713,0.580756352175414,0.148223276310576,0.009804423076394257,0
4.9758311294322395,3.7960286690937295,6.799930267965929,6.3488897255891965,4.013078273894999,-0.8406441573444395,-1.4524701155746578,-1.4387537694945107,0.4642666779647966,0.2622537130771191,0.5912720507782173,0.18750536199760706,0.06425636732072919,1
7.43877969082852,1.37490317827128,5.50245221082511,3.07599039705715,2.60468844812368,-0.537858756146475,-0.722985677921621,-1.34384401405558,0.14666094451071,0.742179706149765,0.953201566446087,0.376714417789634,0.0180789390847094,0
9.961081501571,1.1893868400052,6.80639182966818,9.5000651934468,3.86203124605307,-1.07834745784359,-1.86748715700825,-0.916196631201228,0.119649589093981,0.62661969111511,0.61771692803011,0.946512008906339,0.016833344800648797,0
1.85180994122856,5.6565984056346,7.52123414007366,4.1079310963891,3.62551638361917,-1.35849377419542,-0.527457276440191,-1.73956533298356,0.714836942772787,0.953519157941471,0.735590940601755,0.45588794920611,0.02517083156053699,0
6.63965789356371,1.35370307090031,2.21748906425431,7.28231183010706,2.89693333742619,-1.2460521311606,-0.56730338423613,-1.08357782202946,0.808478404976983,0.0870717869634239,0.213632976232971,0.726449394948374,0.00912366257884023,0
4.6122911438557574,3.945028361080998,5.656007097989407,6.217348397773781,3.387946265803084,-0.8386691889291453,-1.3092057449075738,-1.3676011724601174,0.57042050237999,0.6499467473565843,0.5958557564313532,0.5629018693443419,0.03861665523688845,1
9.62011150308846,8.76234937738046,8.28043192487976,4.29534846136195,4.2029875438219,-1.55220759605677,-1.54697346502231,-1.10380648274282,0.948873369850027,0.512341148587026,0.154891622801569,0.76639885436592,0.029056356135564378,0
3.9792332849204,4.95399701540341,9.2012036530939,6.7228926821864,4.22073083819904,-1.3773117140888,-1.14551551734975,-1.69790360676049,0.23929291639345,0.857723870670303,0.292295751847341,0.252985253663895,0.009627028648886416,0
4.386252213836324,3.7694306184362856,5.437661612207624,5.9951029708166255,4.083551972788402,-1.4992129021503608,-1.4309190585623082,-1.2320848613339102,0.5090217381754198,0.5166211317179349,0.5360379359583647,0.3541937873285508,0.02664062416588163,1
7.88453097218252,9.50170995164697,2.12947730184642,2.96316154636586,3.37497086817103,-0.551139407262613,-0.839552313481877,-1.98427914742654,0.451545906302748,0.578243695049076,0.524817727905243,0.528470654318485,0.00564351698189283,0
7.58669580824313,7.00623423622227,3.39859435821096,2.30893491725938,4.12613408482326,-1.58479910069234,-0.558657127834251,-1.98267785629667,0.600932708464639,0.923236288176483,0.25810787882883,0.765208260452744,0.024140963015307448,0
9.75628583271491,8.23170170581844,6.36211992301758,5.27376505581152,5.10603522448725,-1.47667889849334,-1.6300204322972,-1.99933589369671,0.559211752712393,0.0576479632145911,0.163447355267358,0.86772173763274,0.02225091974150872,0
6.73661456532178,4.67044593224029,3.81509701559962,6.72734114783754,3.60671531449979,-1.45978295528379,-0.91841871075019,-1.22851364846581,0.24987113301903,0.385689633557271,0.137552060536018,0.917556737636689,0.024838350762702126,0
4.469720791662691,3.8161525555438733,6.398504259581712,6.578549644431216,3.9268962631575035,-0.9352276971070773,-1.5097691174952619,-1.3060415908877632,0.7483015296120861,0.2871549451206603,0.3606734508729498,0.5588379948759954,0.06849809306295689,1
5.98884719261064,4.71003082725377,8.83607328746589,9.33766172942639,3.61753443825252,-0.712423908052815,-1.07162996152166,-1.83348056867805,0.628267470357294,0.908172955263786,0.435056444349431,0.753993277571682,0.005917869040118876,0
4.83535598500174,7.01260232976341,0.614028858461312,3.5200965691907,3.63868649036415,-0.85964256804653,-1.71481760398276,-1.06422631833486,0.985092881174809,0.801848329231872,0.301233537743281,0.9486260965457,0.028851569360610233,0
7.226609202646113,5.071831920849386,4.164565114600598,4.678928744906644,3.6563907157219777,-1.5588710541390705,-0.8210413083320709,-1.1014869319278082,0.5660062303349336,0.4865389562376605,0.6232597955599544,0.7845006107416213,0.03689374728905015,1
5.8259216379305,2.05666924664081,3.84015110512723,2.75452760694236,4.42599610044914,-1.12336288047998,-1.80737562997004,-1.49525758999912,0.936519738628552,0.10045337308621,0.350045063412149,0.083053281543114,0.02971678619715277,0
9.51079594906977,3.37138497788174,9.62775101112423,1.40450048922417,3.09830404161868,-0.639255543034489,-0.9855707802583,-1.47347771832589,0.942718066058102,0.675514246004514,0.338144242921526,0.302260885407954,0.012815713332465,0
5.867086875747043,4.881346854776437,6.946183773536112,4.469372429540147,3.6963362891807763,-1.1127374094937519,-1.5947011976029173,-0.8508283483682435,0.4304349485743871,0.30156783799838544,0.4516330510150471,0.5172993818453766,0.022056069066155023,1
2.95431846709908,4.04383177732903,3.02820716715769,6.45647198084962,4.70210940119836,-1.57029381119171,-1.44616367612407,-1.68565191388258,0.326559859547525,0.886539448891578,0.679004393670178,0.837965234713472,0.0278692652191944,0
5.22322354299284,6.02178946996553,1.60030489509569,9.21529377922523,2.3860287111215,-0.904829569136759,-0.640422270415293,-0.840776871569443,0.92997551222936,0.14771165758089,0.665664165426429,0.823798805961022,0.01896807387837418,0
3.90580527604128,5.30130935985658,3.97692025813112,6.03271343994159,4.32124708914411,-0.968058657524199,-1.9503946806078,-1.40279375101211,0.40089497265643,0.756330270274065,0.218797412055809,0.186913202023758,0.023918189463157876,0
8.64124027165023,0.724772193256242,9.41900571756102,7.69780853836403,4.58977745172662,-1.62676786208517,-0.980921809231979,-1.98208778040947,0.698568548471532,0.671293534287971,0.44684276356539,0.670736041441408,0.01790001913874799,0
5.78855617346079,9.39022524794751,1.28854486956096,5.10000137712769,5.08129462001652,-1.9589096024055,-1.18831474306239,-1.93407027454863,0.431926059819807,0.726519241979129,0.139518545728287,0.145816146610258,0.006414550512322202,0
4.159190674862556,3.798727517739562,3.958319184546102,5.568401195936056,3.1350267528981486,-1.103223096532711,-1.2554266842406296,-1.054732795733191,0.5690208119936147,0.5529580198921227,0.5623336617070177,0.5356116654924785,0.05360500867041397,1
4.59704461074033,9.13913850281404,3.5048493938465,3.90500154627418,4.61166690466044,-1.16212490340291,-1.91961334690752,-1.52992865435001,0.526914456208849,0.828559749129827,0.522348950537745,0.964129448737024,0.02721872618430719,0
7.74678207388744,9.33121381056593,3.49205340590773,9.99421933365442,2.21151314350068,-0.566131481849204,-1.02163348937806,-0.623748172273417,0.478649773137285,0.298372253193569,0.383082743814595,0.800041484328264,0.026423367499197013,0
3.31667710483945,5.20882994601327,2.84533013546271,5.51846732619024,2.72946405814894,-1.1722755963359,-0.698809164813638,-0.858379296999402,0.282865665903019,0.970079093607381,0.261091419010233,0.0710406506744015,0.02444611792177442,0
9.65016340641639,4.74962318885849,9.19817772569377,7.96018764859496,4.39377837410288,-1.89920862746999,-1.21122422378055,-1.28334552285234,0.602157187478474,0.667574600647975,0.343995602770541,0.197135320637887,0.014090261237342055,0
7.41042947864005,3.97156141472055,7.52272110996345,7.80442816977352,4.698021157348,-1.06908844766039,-1.82522997661987,-1.80370273306774,0.299175462049646,0.230434602721819,0.578910030024125,0.286679347128725,0.023754148759963435,0
2.96198982333572,4.86720464008808,4.59710704815887,9.04525321541904,4.43974118762683,-1.48532025297898,-1.25146604806056,-1.70295488658729,0.877729233674161,0.0993225057059689,0.84105337504259,0.328059577295162,0.01771178208437452,0
7.84250832337796,5.8165887336042,9.02691963197135,8.39773109895213,4.25721547254421,-1.18764102944288,-1.5233113279483,-1.54626311515303,0.151824496369888,0.456089520534273,0.268977912152484,0.762409588934805,0.01506744138779247,0
2.55964224816519,6.62032886029795,5.11094708770344,4.4603949600413,5.16412116568436,-1.6174897863659,-1.84209478753207,-1.70453659178639,0.941180595402489,0.159499235061103,0.214868464778581,0.845487604245315,0.025508506212202943,0
6.94361789704838,3.21058192892378,7.22698723025308,5.72473441321773,2.98961601122901,-0.636914840045478,-1.43880931922222,-0.91389185196131,0.106933005157029,0.65399676799675,0.883961738692884,0.978288086665771,0.015864153947668068,0
7.30741281590922,3.98950123480305,6.36990415954108,7.63001458604001,3.20772314253413,-1.12311232753318,-0.738982747531589,-1.34562806746936,0.990355338658803,0.461592519155744,0.65895624763976,0.535851137382651,0.024794226558975417,0
7.01198707145631,6.3563656690819,9.28590184318924,8.24359308496748,3.78922552966161,-1.18895870795184,-1.48640035245983,-1.11386646924994,0.131484610960681,0.592988852987209,0.870251956201185,0.443699413996404,0.0189896125886748,0
9.75916246764392,8.60944984424138,7.15079402938457,5.75732654355314,4.64177358487558,-1.55878558802058,-1.90764585549668,-1.17534214135832,0.094916995774738,0.335106693711192,0.976661693315789,0.687360738402748,0.021971097847256038,0
7.71866018731211,5.9445596663343,2.03216138610484,2.06267900309922,3.36445278032413,-1.97377660400344,-0.75893488357485,-0.631741292745841,0.717388827732304,0.5332102492052,0.713815292885988,0.0982348512864334,0.014366649356705632,0
4.73480765394836,5.28557981549229,4.1172917954984,9.32743241826671,3.54707040609437,-0.661968946471892,-1.63988155318607,-1.24521990643641,0.140940554315561,0.477674914090104,0.1081400543409,0.804877263686099,0.016460112187208237,0
6.4004179731449,2.34442973517978,6.07226079279769,9.3565141358197,4.49035176493799,-1.87830858909911,-1.36105141143994,-1.25099176439894,0.18466482621994,0.0837404565303458,0.58564406055379,0.579318067083304,0.022697383197295345,0
7.23008091916976,9.20787671738036,9.27475240142973,6.76272952574841,4.47215764510502,-1.49012613923257,-1.71297076636127,-1.26906073951118,0.170572378809046,0.773258465253989,0.281436624724314,0.830224038239056,0.025105093854724935,0
4.51375066404555,3.3207766892415,3.2410833022322,9.93139721325614,2.663324272425,-0.910609689715132,-0.940831120452168,-0.811883462257695,0.141747409252598,0.516628601410623,0.10609007074142,0.791387031535364,0.02470750034597187,0
3.7547527219361,6.89469326556426,6.5286991511264,9.32080872148261,2.6055152252593,-0.706047333652526,-1.02851070250821,-0.870957189098559,0.194922437971031,0.513326272327576,0.384996796869615,0.784851394695101,0.014987151928745678,0
4.75826082617069,2.58013964255027,3.15343749483567,3.16582220839328,3.49763484231098,-1.76917613394973,-0.987616876549309,-0.740841831811937,0.0623087042633363,0.336442939752772,0.941921000262533,0.797577064794864,0.021975479136440677,0
6.69492909146089,7.54433206552596,8.57342268852334,2.24641621825499,4.60162071691589,-1.62823463854893,-1.81479351769043,-1.15859256067653,0.680775816576751,0.632927770186537,0.393274493004928,0.285451895027084,0.00812226121813011,0
4.73806668676633,6.446395476798898,4.7578994227333995,6.427487772172484,4.342968908506281,-1.4946495243651599,-1.3666683057310696,-1.3342584988221584,0.3282532360346452,0.4530925717897066,0.6024006568332818,0.6287229672384358,0.07726067669754579,1
8.53633811822018,7.96247679199667,4.30186691795141,1.12689824220098,4.12870654713811,-1.37978777955882,-1.8431949673367,-0.905723800242588,0.83861524082309,0.445452917047028,0.758993967661078,0.397669571917581,0.013200949629835375,0
4.01085657305475,2.85061242106237,6.68684598963198,3.82513110232141,4.22200176992139,-1.51611993191397,-0.740506186325371,-1.96537565168205,0.339488379907883,0.815271073991874,0.299967054388293,0.965438532353858,0.015506218615469435,0
4.595620898770514,4.655757328990386,4.039185452468314,5.940656708136145,3.032162268071928,-1.0614226713998387,-1.0242448269118587,-1.0312873074505806,0.4907484053529025,0.5559052610838997,0.5093363016477859,0.3141892503279401,0.06916641597737949,1
8.34947733602429,1.1120937627011,9.75235232823838,5.40923048750065,2.24511062008986,-0.610097903551487,-0.977052067523531,-0.657960649014846,0.711006492802157,0.461069309784303,0.87910086744919,0.780505509337362,0.025914016538488672,0
6.07904845872149,4.097886240039887,4.316209883387417,6.0106971673693925,4.166124303456975,-1.3618745702985626,-1.312746016099827,-1.1505183895908508,0.7625379101288163,0.16916896491292333,0.35725768092748,0.4709779352936252,0.02053140110939121,1
7.62508451910224,7.44741290713508,9.44905678303388,1.83748388017676,4.31962460456856,-0.839069066456088,-1.49493257638665,-1.98562296172582,0.78264200466649,0.351340250592731,0.764086986137211,0.692477022914186,0.007608760688156411,0
8.75884118425865,6.6029915197388,5.5915664879464,5.42818519557024,3.87206028594707,-1.06766798912641,-0.870845365582651,-1.93354693123801,0.782897035710711,0.839878946408331,0.0500536923673214,0.135779320044041,0.00800989490430807,0
5.494863626570195,3.7227138875842307,6.80660302148231,6.5374574905286895,3.8806657374881017,-1.6661349727439259,-0.9317215166049354,-1.1238073144016607,0.11818725563910393,0.5356819102708331,0.22077698936296386,0.3745678424482031,0.038667698176216694,1
4.4768907962582,4.19886270892069,7.78100462125096,3.83892304647879,3.14185533993181,-0.545540346447367,-1.42262520251906,-1.17368979096538,0.92289071434884,0.803241893088659,0.891564662042978,0.799113235177766,0.028633109414939587,0
9.59778803816434,3.78399044767836,8.92300592659151,4.62465111264086,3.57698982158352,-0.570685272837907,-1.43262766756939,-1.57367688117622,0.4780599983545,0.911566151381547,0.590175123700136,0.691429210054401,0.018347124045243256,0
2.57063314787924,5.44008184262065,4.47663072592374,9.52587175328126,4.72769067549695,-1.75224135633634,-1.1289169165627,-1.84653240259791,0.712695699862976,0.722592222482968,0.14030250028661,0.735466690958164,0.01667296637415912,0
8.68415609423638,9.20032851878844,4.07996894484005,4.90509676060524,4.33244026819981,-1.37894358870774,-1.37075771574534,-1.58273896374673,0.887042280991772,0.277264595740677,0.965483444271868,0.374324510018282,0.02200475848013456,0
4.47977504402141,2.06328638033986,3.43112727192353,6.82921470893725,4.46912401305477,-1.6230322647051,-1.81232510647415,-1.03376664187552,0.603919338745587,0.703701797857186,0.244425173338973,0.533861425287391,0.012126770700924262,0
8.28184498862369,7.89280543404638,6.79252138649293,4.00444838207412,2.6594127153216,-0.540453669402027,-1.06619489709575,-1.05276414882382,0.935774194584427,0.519606673174256,0.395719992723145,0.134011318214247,0.01005111335288286,0
4.03814031570363,4.61872671614859,5.78733938417507,4.8335236848835,3.65456771148727,-1.63515516117858,-1.42651410815449,-0.592898442154203,0.45437436765414,0.899948738862189,0.295679449062059,0.355696240646009,0.007178004514848367,0
4.76174318663498,2.5772275063851,7.02936165593028,7.83984433597903,3.54675084230862,-1.67737788785249,-0.508058531012211,-1.36131442344392,0.8333394179447,0.298769167440694,0.156176306066676,0.389743312074424,0.011427468760425394,0
2.8071345945313,9.30697959972666,4.88574362698132,4.42227089340821,1.69557551192486,-0.53605780173887,-0.65774205907156,-0.501775651114434,0.977879710628417,0.396425775897241,0.822824278703789,0.314492457553925,0.018096878458205352,0
6.89583264726677,6.24076541716367,5.21962187508444,3.29684499929943,3.67769618122081,-1.06293341629589,-1.50857076085201,-1.10619200407291,0.100972164282146,0.949374574727489,0.669847595608081,0.471960766895892,0.01053447220379318,0
6.06981781216545,3.09850125176236,6.97087825332694,5.4731682092482,3.53640413482742,-0.623007340197417,-1.43361237540335,-1.47978441922665,0.141113428484549,0.861567694249651,0.991847088037268,0.37364277354142,0.018138231683445215,0
4.4228246684096595,4.746002923578759,3.89635902317364,4.347576186070805,3.7566437220413995,-1.5039825282821198,-1.1740908212767593,-1.118550261074541,0.34539854492232874,0.4860057625154438,0.3757458165273962,0.7522113027193138,0.03270729945636826,1
9.45489206269525,1.41862177821628,9.11929647929759,4.84780582541565,4.13771789217963,-1.29454800841172,-0.88168067837496,-1.96148920539295,0.307875520138121,0.173274681627033,0.789561655642281,0.0690971960820432,0.02444993976661182,0
6.87164954769061,8.82891108424875,0.813569397359772,2.22966583067146,3.83904038481463,-1.79678793861759,-0.808431924290606,-1.23382052190643,0.976099430208299,0.548752397274199,0.313012594309434,0.102243005441771,0.024812271269830502,0
9.92940651913386,0.863540787571471,8.16118801491389,4.35542426463622,3.40652199487158,-0.579985600682569,-1.77496339333776,-1.05157300085125,0.635858009676215,0.83725633576546,0.663527483754233,0.539451128787765,0.02351266351550703,0
5.27079854224268,3.93437945136743,8.66187877437018,1.20165939948383,3.53014037722384,-0.54852844828011,-1.5017047212994,-1.47990720764433,0.558993584104904,0.962098514549549,0.537171338037044,0.184305682776693,0.010130786687679243,0
4.28553916265618,7.14311483959686,7.84915296667802,4.48624779446225,2.83646418516683,-1.14685584164629,-0.672428389515111,-1.01717995400543,0.745255396734593,0.250662151145523,0.371594423015633,0.554472060602335,0.026284286090286553,0
0.845089185387373,4.99341482080243,5.48087037197613,8.77426565404127,3.96748312184477,-0.976250330567069,-1.03483113825077,-1.95640165302693,0.119576944693646,0.850767267882182,0.252390714900228,0.818171797839807,0.026892622708226736,0
5.06443245918409,2.6912024663634,3.93021757569865,7.86017321454771,5.12956264300466,-1.89906070666268,-1.47752905271346,-1.75297288362852,0.631524167062348,0.983419088678369,0.640204778858597,0.551944851668021,0.01993791119482904,0
3.74950125638066,3.6138269246593,1.86888299539768,2.43581656659838,2.41041884765929,-0.605413392672024,-0.83732344276706,-0.967682012220204,0.842505967194005,0.645515965216673,0.738203058004822,0.311905730563628,0.020656584307229383,0
2.25179227841375,5.90536328721324,8.72828634815093,5.45321124287369,2.95475656756237,-0.850662962814956,-1.35046448437143,-0.753629120375984,0.238129310880548,0.607721266621521,0.720340091901261,0.609040359206587,0.021731470135580227,0
6.8242224813719,2.86206820496402,4.00054013431119,7.20898955862319,3.2079088734837,-1.65906776246233,-0.907665497098153,-0.641175613923219,0.457049636731668,0.563708908964649,0.381621533925267,0.60278285744774,0.019381239180223043,0
9.76870786748697,4.86544860479587,9.20909515304278,2.36643675137251,2.10362884354518,-0.820630664048542,-0.512386907410296,-0.770611272086343,0.172928056046625,0.222081531985952,0.873002693133173,0.243306428134091,0.015454635086493307,0
3.50473495245556,2.62421448574481,9.7797853811829,6.89269414147262,3.70595335487724,-1.0867292339153,-0.744854513416416,-1.87436960754552,0.941053269728155,0.830468398672699,0.741105745817462,0.0629463685310609,0.01439745485829953,0
8.47668724024025,5.87147841885593,7.341466443212,8.22960977824872,4.40859725913723,-0.834689558774757,-1.80876649907926,-1.76514120128321,0.570972962787375,0.707746071329356,0.592054002981563,0.625529013739821,0.0064008470530882225,0
9.74067927704556,7.13996805295041,4.11888889651536,1.14068655753997,3.64195790697265,-1.8266890907774,-0.720029552369076,-1.09523926382617,0.146847979274233,0.538573276935177,0.994732103679028,0.0868381965999689,0.021520611366906455,0
6.47573073702812,3.33272975759179,3.64845979306763,7.60299678879615,3.17325885788246,-0.957244551791111,-0.563505189935921,-1.65250911615543,0.604993569536167,0.415435392512529,0.866687240220151,0.438813582891844,0.02396123759474857,0
9.42491734228544,8.06559300577076,8.02309221630511,4.23550344886078,3.5352873397731,-1.79174398349384,-1.19657725275563,-0.546966103523632,0.993142942150754,0.84864768984268,0.707677558588383,0.461506150431912,0.019513361160389632,0
9.14608081129958,0.655193418690912,5.53919178906281,5.77553976887813,3.97235293479703,-0.8402830088255,-1.93026185144688,-1.20180807452465,0.332153206177179,0.942816847102442,0.939742182520384,0.724209392588142,0.02049668624336343,0
3.21125695899416,9.11940404122873,7.65916857807058,6.08516960145731,3.82944135641235,-1.2302450568803,-1.06636602116624,-1.53283027836581,0.71422956228908,0.63225307572978,0.242763854242379,0.0604837645070942,0.02334941785821117,0
6.10112924013012,9.83267400319176,6.34640115294103,3.90972142536164,3.98315935357522,-1.47725196263978,-1.62092144448122,-0.884985946454224,0.788147039549701,0.230178505744177,0.61083865785921,0.439524687196558,0.012983635725157268,0
8.17192788296555,6.26120708168293,6.20968271875456,2.44916861022866,4.83858120312785,-1.45790461524593,-1.85753485243248,-1.52314173544944,0.156334395658065,0.805388062415791,0.826892704571574,0.950025483757736,0.007662495034506251,0
2.73800097820337,1.34117198999405,7.98650405509954,9.84274726730367,5.00760988957757,-1.27536321506748,-1.87724111609544,-1.85500555841465,0.162309940134343,0.175993544145355,0.8975054909547,0.601355613427602,0.01041153772489008,0
4.30701668929218,4.0625811274468,6.35281786851861,8.20803108505042,3.9851582661374,-0.969581636370963,-1.24427883209656,-1.77129779766988,0.685535115613977,0.593211887079063,0.441299949947676,0.652074457627382,0.006834114233328066,0
4.99245802692026,4.55976610983547,7.13463610853237,7.21963050193588,4.09017596723062,-1.13991282585521,-1.87027293644481,-1.0799902049306,0.290203370241094,0.2956741205109,0.358242116477922,0.930286848614897,0.028909735363626253,0
3.14912500622353,7.38809920493114,3.92767639554614,1.27000468981718,2.82172463739188,-1.44635083372814,-0.698574835823616,-0.676798967840127,0.600449979717461,0.975049175532181,0.333180172963823,0.170098754057367,0.01148677245924832,0
8.60170244333596,7.78906715459756,9.78124321539109,2.49055024780305,3.02076254289828,-1.33968022997275,-0.875627134331479,-0.805455178594054,0.56770722726705,0.498230074691996,0.684182215027124,0.91300508843208,0.029062019092222644,0
3.11227449711758,2.27880521585523,2.57783842920026,1.4843910836554,3.07363833939321,-1.12794803916753,-1.29965958736404,-0.646030712861638,0.763630932111854,0.284991897735811,0.78587529505178,0.399742655705655,0.012509541947314785,0
4.051711040003709,6.756011326821511,3.7540233294451046,6.838945685731242,3.8750605001472773,-1.651502221068511,-0.9539626945319011,-1.499010248463045,0.6675279175248022,0.851149718276929,0.5642937885989334,0.2969689498199422,0.026061907246608885,1
1.32114706540615,8.03861485369218,4.95390537227876,5.96941881300418,4.67088968929489,-1.57017967175533,-1.21332428739099,-1.88738573014857,0.420530904998481,0.36554661062242,0.998446743645914,0.384834190088896,0.028770018893198822,0
3.76481853629611,3.75495622700222,3.67864901773041,5.1934759036544,3.04687451021281,-0.709419227821566,-1.35388662081298,-0.983568661578267,0.183490029809127,0.711359752739768,0.75987050238024,0.705810958429417,0.005547385990221372,0
5.80434357861264,3.41305219516939,6.83982715749032,4.83538447315776,2.77678799811064,-1.11389445705034,-1.11678021908916,-0.546113321971137,0.187635779161456,0.365161748571772,0.628934529009985,0.745483875179151,0.015432635828156634,0
3.819274380670082,4.074563233565748,3.9263936852563797,4.674572510974889,3.747208379834839,-1.4069826709676947,-1.003914909615458,-1.4994874771492748,0.7057059301289518,0.5448381512078619,0.580385205572271,0.6239240525138892,0.04904118965072728,1
5.96375152606178,2.24556475368212,0.642817268060765,4.13396647346402,3.93584382411306,-1.53424913320008,-0.791991000831418,-1.60960369008156,0.658636684419625,0.656062503516163,0.838150952503864,0.881031105093269,0.017599851040530044,0
4.57364749034116,0.865989079847431,3.04970476853612,6.4772915673619,3.13698128365046,-0.565994387478963,-1.45740069837498,-1.11358619779652,0.379277898406901,0.484629992800066,0.568270102329275,0.909371034739009,0.013387435737813189,0
3.7324840106985167,4.590150350634316,4.490849128229344,6.813984395490893,3.943979429710795,-1.6210214136070844,-1.4666226943669753,-0.9371612080176885,0.727003352692255,0.5577653095284817,0.4984715872061587,0.5702566636652716,0.044371289929503684,1
5.70918269899354,6.08980337744426,4.50071225526903,8.91541583847705,4.51796216616559,-1.79162039828527,-1.01384735259035,-1.71249441528997,0.644397574924319,0.79870600763937,0.558301186577833,0.804768420020482,0.00729220000097815,0
3.26284474143114,9.11649119285299,7.41677873014448,0.916167473952123,4.46427738345576,-1.6904958479729,-0.915094217258354,-1.85868731822451,0.93314796871077,0.924991750997737,0.281198935984796,0.228699948396286,0.012582248504138686,0
6.434677010987,2.94702707822236,3.74606562183039,1.429772365652,4.5113069219892,-1.77566368908369,-0.817476828106109,-1.9181664047994,0.846744905322263,0.423526174257977,0.586458050518917,0.4359939646017,0.012094798509834852,0
3.00662601658022,5.08706583461422,4.33583692543986,3.92489206475437,3.93192809642805,-1.57881910095112,-1.63183150642429,-0.721277489052643,0.578910020340178,0.385194967471062,0.528256180023702,0.971341983830699,0.023212952047439027,0
7.03914565922409,4.69201803061733,7.28394627799398,6.71183590507474,4.15775743714379,-1.49171083872489,-1.39142147476776,-1.27462512365114,0.813853153437751,0.395160784905165,0.772523391822177,0.271374814808121,0.023469488388818377,0
1.29037200413995,8.62143262023646,3.95500856074919,7.58381790477842,2.9698967439897,-1.13653980425635,-0.645693164959934,-1.18766377477342,0.368458927890067,0.40777724159873,0.70351011998062,0.535145164959107,0.025374674069011307,0
5.176130812974693,4.427714148121353,5.697087856357965,6.747684435847605,3.7781520814894556,-0.9307126173515391,-1.2947595800699891,-1.180824688880415,0.3465762669771777,0.30182764358607894,0.6108435283582667,0.4354300202033558,0.07656111836234207,1
5.01869263219199,2.18606471172825,2.38926001252701,9.09776974069941,2.72482558941735,-1.12746183456122,-1.05819828537063,-0.539165469485498,0.913942184934762,0.52461779413056,0.39257390173275,0.506739364947354,0.02488784579252009,0
7.3560515769803,6.67489143405565,4.27573245022753,7.40533262411206,3.13993369815628,-0.770079753147136,-1.68839310327222,-0.681460841736919,0.670333490629722,0.554494134500813,0.936824871220558,0.444161141168456,0.020341242472494702,0
0.955850745478959,6.92098005189726,8.92121318728365,4.18377190863002,2.5455138233027,-0.924335910748912,-0.903089555138827,-0.718088357414957,0.668502408929999,0.185033490001977,0.862387774385918,0.698272304854855,0.028871475473803986,0
9.5148513464445,2.64519863619292,8.74204205371923,5.05903517381595,3.03127021051763,-1.25571180704102,-1.1857768054693,-0.589781598007306,0.205484136505753,0.364221199366051,0.983264583367215,0.136396711684557,0.023785410732119004,0
6.52488788755951,9.68030505604448,2.92733555603701,9.57525604662941,3.90689341394208,-1.60966442930268,-0.805866890134895,-1.4913620945045,0.210874239116169,0.72901076873566,0.19133104265176,0.721388973502528,0.017264428264261156,0
9.20011934563875,6.71045153583768,8.36658184306697,4.97922623649915,4.19890040677153,-1.77417586099157,-0.511438333089859,-1.9132862126901,0.791151998766083,0.997704677220078,0.578371884645878,0.0624674354076828,0.012883189981774481,0
9.19494064758898,2.95023766626085,6.25596010043569,5.44335234185804,2.85287132894543,-1.03412042177018,-0.63237887265915,-1.1863720345161,0.480854005894627,0.166489509393476,0.47625686377019,0.715316402693115,0.00507313585014114,0
2.77734719393161,5.38618235998075,7.72324277644216,8.41347393965151,3.32666313130787,-0.97487457932966,-1.18022938655785,-1.17155916542036,0.822572936328678,0.377297236100301,0.631577361205951,0.947802011538147,0.007005695506376318,0
7.29366099299018,4.12460153309995,0.892717333982349,3.67321262093761,2.39256774105703,-0.776193136360112,-0.740862270899885,-0.875512333797035,0.594784949063013,0.524116302688757,0.953527381846353,0.793267522079159,0.019008351972939902,0
7.28472594125259,4.62480877383408,5.37588648763036,9.23510482728911,3.95175248714187,-1.96079646464146,-1.07112554088676,-0.919830481613649,0.889033396315246,0.63259017856413,0.849056632338181,0.0862934095659642,0.029701207619756583,0
5.852511119263015,6.670635584113475,3.794541714342881,5.835181385405712,3.7996030653787125,-1.446630936321427,-1.2488347373040949,-0.9924710756702589,0.5556223682412025,0.5152895992979687,0.6600560828974341,0.3774392936656395,0.02601225457629163,1
3.81326866033742,6.51684613221859,3.84641891632945,3.71463307061826,4.00521473627624,-1.28169362311001,-1.81401165333089,-0.909509459835337,0.343858129098077,0.453457675250886,0.566343598239481,0.521668860007075,0.008376147304536053,0
1.33708240904541,6.80963964099473,9.55950065761339,8.05133278420254,3.06839325441018,-1.5019606662075,-0.960203669335833,-0.606228918866848,0.475646188467723,0.32716461999509,0.284124303847819,0.76794727364725,0.00831759406581628,0
7.73861374226285,8.0144532705861,5.78248756078883,3.40934624636552,3.7763935284723,-1.22428317360656,-1.21494481352407,-1.33716554134167,0.736670176092287,0.482851798828259,0.0660315045885788,0.168022113871671,0.02154343598838752,0
0.690766064096172,5.38813792762647,6.99361069956094,6.48871788288964,4.49304252784842,-1.30656843618678,-1.46677664534441,-1.71969744631723,0.81652413167432,0.784705245466885,0.665900430435494,0.51610725448386,0.02302737487959281,0
7.61713344868899,9.18701291838875,3.1316066766361,3.27705898031879,5.51223834218936,-1.89537745136941,-1.89899673743466,-1.71786415338529,0.291949487884742,0.923087456528169,0.183579346970543,0.403435258616472,0.009254184013253088,0
9.74063444039113,2.00525471021818,3.97532791859864,3.04340766316919,2.49589601395908,-0.982266531809617,-0.963389165083191,-0.55024031706627,0.946610766784702,0.784814580272817,0.682354418858164,0.28579174119363,0.013529761061720123,0
1.51487732565537,8.38275791563771,7.71106896451167,8.8217291128719,3.08906352423441,-0.587029264602088,-0.744573696423892,-1.75746056320843,0.730418206782251,0.11475877443601,0.46537413578797,0.833965577572136,0.00726540201258619,0
4.526416226409401,3.829147627680385,3.7444805660792806,5.732099265899681,3.608546140763514,-1.308434248658556,-1.2200754176952848,-1.2585385488481025,0.4087255175295574,0.546827396073774,0.4869313559213427,0.8491321461926915,0.05671597070508362,1
2.92725031477113,2.42288504983401,3.53816111800869,4.13839429750242,2.5548728165166,-1.47652549645497,-0.560758521882945,-0.517588798178686,0.123158115150067,0.91976115194988,0.902983965877229,0.246253098355146,0.009050438498956027,0
8.71498569703212,6.87242688891478,6.06624901961039,4.79501334683758,5.41326059203654,-1.69887226974843,-1.80990248374892,-1.90448583853919,0.715931620234932,0.103646129029669,0.550072823639185,0.974745619103746,0.010128772434314521,0
4.339168348220858,3.881560695541267,6.2294066973261835,4.189422957795195,3.7606905489056834,-0.9980096615866365,-1.331545479230211,-1.1822887222714054,0.6773744451053975,0.6231458659055654,0.624124652671438,0.7338628066891536,0.020940857795072036,1
2.22083827121434,8.34203347837869,9.62914755736445,9.06924840574927,3.38481429802088,-0.65469132898968,-1.78025649187177,-0.949866477159434,0.299025657575788,0.673611130177712,0.582371147817555,0.169113357613094,0.012128776204092008,0
9.58495669833851,6.23444121385344,4.86897173682037,1.75874921271186,3.68485099139406,-0.769186398989789,-1.41993275854713,-1.49573183385714,0.93977701810934,0.268030447187287,0.610658022158505,0.178609217447462,0.008152419080573601,0
8.53521191232924,4.73085836625117,7.23899178279175,5.96536326967693,4.61928583208349,-1.60344973653788,-1.60405994724628,-1.41177614829933,0.958417388111339,0.687693864783614,0.509687340290316,0.573018438291318,0.026516948669905817,0
6.69275715433259,9.30203496646335,7.75947077146531,3.91501587173227,3.25465813197247,-0.959847490335267,-1.32290910218529,-0.971901539451908,0.63167323117429,0.854516870379319,0.824335579844151,0.834772685898686,0.023276536315921827,0
4.100808345473609,4.792089285931531,6.911738017363854,3.8533491776158812,3.7358691104934993,-1.4636463532192832,-1.0561081760767304,-1.4198432712888902,0.6087330758643873,0.6790414935350813,0.3211242107330465,0.2916750424248604,0.050151202545980676,1
6.78613496722665,3.15932718740864,3.29863639617275,0.576478148965863,3.24697194024842,-0.894898260888341,-0.745570405430347,-1.60650327392973,0.710863584249368,0.579256941539812,0.87163562824888,0.0756958487147232,0.01821445432677785,0
9.66566147580132,5.79576118754689,9.36642309976955,5.97249165373718,5.21992721826896,-1.8742088610191,-1.59910563821128,-1.74661271903858,0.0888240140568768,0.570977602190346,0.401292130829934,0.44703667985026,0.027988908219767843,0
3.94363265687887,3.57093744526833,7.03528693474813,9.53559109919688,3.85032799310082,-0.737878391274356,-1.93636559849938,-1.17608400332708,0.102249104337759,0.588159097281006,0.519772370204574,0.676860423509771,0.008179014920273786,0
4.55381225051582,9.47057288339157,4.86135518065656,3.74643820214088,4.60139173574079,-0.761672043584322,-1.93096711383886,-1.90875257831761,0.567164447090967,0.680099984814244,0.962152098441351,0.422701812209602,0.021644453890981522,0
4.52085438021907,7.21603889456736,8.59564285016407,6.44432088582831,4.13157081542301,-1.73722870457661,-1.37980324955677,-1.01453886128963,0.292859278421917,0.788801720745536,0.13907137023057,0.345662830500827,0.020249883607136338,0
5.36147345975603,6.23534956252482,2.51407235088382,3.22084579209363,2.14166245505417,-0.679741282316798,-0.621567503207503,-0.840353669529874,0.674413829495783,0.996035674128062,0.189618651894522,0.604025162243871,0.020588046664958767,0
3.39786253444605,5.36541189715009,2.71687033072964,7.42307666381553,3.85182257782119,-1.33650557725276,-0.939344712362718,-1.57597228820571,0.118984516772109,0.464619863313589,0.690060237114267,0.596677888910378,0.009619025915617911,0
5.9849901529861,7.83382790712833,4.67035018974906,8.94152600447043,3.56226836302201,-1.50507136856203,-0.891232842722139,-1.16596415173784,0.379690361469955,0.0545422267248586,0.230356193110925,0.501272225441198,0.024062566369518743,0
6.49346204090255,1.56340201976444,4.93027893397914,1.58762152753285,3.91547539532001,-1.4338793729134,-1.80344215465613,-0.678153867750475,0.592857028492725,0.576962706345158,0.712441617959768,0.764259677633367,0.012582099115972002,0
9.8680145486069,8.32502065678718,9.68565837861752,8.68044439982437,3.48652454458861,-0.600180389049917,-1.10337725348228,-1.78296690205641,0.752715404233298,0.779126331176568,0.752342447424267,0.326388111473029,0.012089888986187965,0
0.865765829868347,3.79957241779442,2.36600063444087,5.90268980070767,3.40354203998884,-0.926669394493953,-1.590801652661,-0.886070992833888,0.980559692440584,0.961780817034066,0.81388351395424,0.907023857121482,0.027044237881771436,0
3.14324965227674,9.13797559592801,7.81874987197183,7.19144267371192,2.95367559917882,-1.44005019296971,-0.566114263975783,-0.947511142233328,0.0550679891600064,0.684656929010403,0.163238204898492,0.275605476928432,0.012343691774083312,0
3.00408333927405,6.9967060509352,7.58973405876661,7.734278349493,5.13397827205702,-1.98262694935845,-1.90887274640386,-1.24247857629471,0.0623565672935045,0.558807726297403,0.425690996419106,0.963536078608973,0.016581248736436016,0
8.86116983165598,5.81428705519037,2.99489349147362,9.22154892291487,3.48384596949234,-1.50160790367944,-1.47761531846598,-0.504622747346922,0.0861181971198181,0.467283767553518,0.202834980373122,0.694665227862836,0.020549034586912207,0
3.5665254932505,8.67369349174964,2.32440940451543,0.681020978089562,3.38560255126523,-1.80321686992103,-0.851433645099984,-0.730952036244213,0.96734997792785,0.835040452480981,0.4639070617941,0.210208176101693,0.009716631512065917,0
5.45177527091411,8.31247102011248,1.93277251211948,9.31363816832786,3.38978776429784,-1.3854524653609,-1.44583539765557,-0.558499901281367,0.344013140848089,0.946359778188546,0.923822432831706,0.99584143455876,0.013385330166853362,0
5.475409805951834,4.137778108220204,3.9823350250572025,6.389626926303792,3.505550012423696,-1.0177573680885503,-1.3661018588489813,-0.9920280257063947,0.3040505269147994,0.3689899727230781,0.6319653101899714,0.4146251222700637,0.024296272902230708,1
8.84027511513415,9.70728466924392,7.95514802750183,9.28879562916509,3.42170123383873,-1.67609853673377,-1.186896350075,-0.558706347029959,0.356697629481974,0.980051758498515,0.467096457671616,0.999328006209408,0.01589760772855267,0
6.987328644237822,3.8286674926393,4.683717176294483,3.664827575673899,4.617678834488032,-1.4216041948021727,-1.492841991533079,-1.4080549073231898,0.31409612734362374,0.6121309832010372,0.5203288491655761,0.7860586753321566,0.06900873613385634,1
2.29524795364186,3.16695511419686,6.76585461574855,5.80612673858261,3.29901657942297,-0.543321735043591,-1.21561506804253,-1.54007977633685,0.779405605712454,0.104469131126764,0.188337981867157,0.922987647287351,0.026061219437937645,0
9.09338965999672,0.700971491176414,7.4710495999006,6.7878575711129,5.37198918212193,-1.76970155662183,-1.96901776531856,-1.63326986018154,0.312843112048794,0.888328274889934,0.605010075149017,0.550613178819128,0.02176624596973278,0
7.77188385552359,9.14500565776067,6.82798191089029,8.63773562862272,4.67805600830875,-1.96315650033441,-1.08225906108503,-1.63264044688931,0.64963679688065,0.976927910280591,0.558805082945761,0.827380256671524,0.020173993509519192,0
3.831532077474,4.74084553661976,8.61116979988901,3.02997862289477,4.71706181194789,-1.95127282345305,-1.33322559416824,-1.4325633943266,0.48385496348888,0.945967020674516,0.766044764981396,0.456991822782626,0.0201875810011476,0
5.82041141784154,9.13259076629052,2.33108714920706,8.32882353523036,3.23886181301913,-0.628799349003751,-1.26566875597084,-1.34439370804454,0.50894416812297,0.871941656759508,0.506912346919404,0.220590524758601,0.015500343518665312,0
7.66847092638522,9.52094872551776,6.92384310833683,5.58365904993629,3.00176156618108,-1.33748283722386,-0.529436048049992,-1.13484268090723,0.515895877827543,0.847756203200142,0.0856986049438454,0.759488737116678,0.016560709071646283,0
8.80641475807672,5.47953052224814,8.82392927958304,3.09266869135635,2.94146975610203,-0.667323202924395,-0.540435719236475,-1.73371083394116,0.384700910711153,0.283033917399538,0.545224895577586,0.72764169627164,0.006583952511127576,0
6.24363177949216,4.0682333805537,5.20247636219428,5.73660171285369,3.61362485738592,-1.71019932014806,-1.29855679319921,-0.604868744038651,0.762506287329226,0.0947348272753391,0.801369646427127,0.491513929984752,0.016064381671474295,0
3.24468113076545,8.7619406725134,5.31866081604634,9.63906867411097,3.56896100914252,-0.82792834723827,-1.00661563496235,-1.7344170269419,0.643409093776188,0.420531886818239,0.989405096087562,0.565559636872228,0.014750432132765282,0
7.94069140387737,2.54493497222852,4.37423980419568,2.04795654904208,3.4546796369393,-1.66585230806107,-1.19256002465565,-0.596267304222577,0.743399407675894,0.401875483711795,0.915030777334638,0.236854836540752,0.0144891464517134,0
8.65634570382934,4.271824789633,2.29560322992293,6.66174403727101,4.04056610416362,-1.6288614853102,-1.21199718829859,-1.19970743055483,0.96377423393343,0.519279106584802,0.221222333936633,0.367838097487288,0.01710454924453186,0
7.088851458074714,4.693456215650896,3.9581842045198363,3.621272170466513,3.5173783141537838,-1.106411789046461,-1.028232912927496,-1.2586287537914114,0.4869081200219254,0.5740322902261686,0.7620848427901179,0.46521774107002434,0.04682236376182768,1
6.75710111869567,9.19404878883173,4.87936316494675,6.20105288499996,4.90193740346669,-1.28512405168469,-1.80354921258996,-1.81326413919204,0.83815924803009,0.141131432694041,0.531515376396505,0.19872793659317,0.025262225345646882,0
7.66154663390919,2.17508852725067,4.2724152342318,6.19358018022412,4.79122133885056,-1.61617321902458,-1.33550570281781,-1.83954241700817,0.406327914485703,0.945699520643989,0.959658059696705,0.0955456967723428,0.02957238755912387,0
1.52524331357918,9.63256139321838,8.79351870617992,4.78560563829029,4.12753418833466,-1.19045146120255,-1.51193325060119,-1.42514947653092,0.437964162965701,0.463078148129084,0.680854751713155,0.38721178354941,0.005358432265784942,0
8.01311357206719,2.77334030631088,9.65109668808712,4.71584677656852,3.30922417397468,-1.55182533068509,-1.0671444074113,-0.690254435878294,0.363386519686454,0.26138413148674,0.602678040846817,0.27838633098134,0.014820252052238244,0
3.45465991690345,7.09969241598513,5.4495739232033,8.40636425918614,3.43414816724874,-0.531531645784026,-1.00675512137297,-1.89586140009174,0.527737953006296,0.334112870647369,0.294272578061647,0.347974221066011,0.026505247036074205,0
4.385603471233355,3.4663973313570384,7.165081994565936,6.903056538212904,4.404987335714241,-1.2938874581470923,-1.5007551553770617,-1.2654981043591111,0.5466195748636277,0.4127524248476603,0.4349431801217064,0.5272124112335681,0.048069628785032584,1
5.32791732771655,8.02201159905385,8.34985554380316,0.594034075900889,3.19466667196399,-0.587805609477486,-1.53638046160949,-1.07048060087701,0.624761962930414,0.957751683486683,0.376178264648598,0.932930221681788,0.02182571123964289,0
6.85039807609406,3.49870834476264,2.88891658744508,5.91596381365992,2.14749047393182,-0.719718334104889,-0.633760795565101,-0.794011344261828,0.865050101629853,0.582197666684875,0.703055411614499,0.692305083652845,0.009858598206155682,0
3.821181282321292,6.024964363959942,4.29498305072706,4.501113573184075,3.8937835450611424,-1.2817776509020666,-1.1520859958464105,-1.2272479414902617,0.41179337149240247,0.5948250778798612,0.5373450107622255,0.2802828327160519,0.052904795888226566,1
7.25638022484186,5.42233391984632,3.30270911826493,2.61726747863231,2.72565701572364,-0.60205915683253,-1.25036654397269,-0.873231314918422,0.653466635121803,0.433463618587672,0.949053208454673,0.823970641718134,0.021069813428914307,0
2.92059902284512,8.39995275606755,2.95876540144651,7.369639120086,4.72803964471511,-1.96921883612379,-1.30815017472159,-1.45067063386973,0.415604011253642,0.62636906946647,0.241931260636576,0.735191399914731,0.014691517409169751,0
4.77294387595675,4.52552191577301,4.84658672578046,8.61946122243817,4.87659692388346,-1.98568060285202,-1.36383685542066,-1.52707946561078,0.762916790232534,0.631626638519431,0.835817584076114,0.0763030237669416,0.027480355430236896,0
1.99187333731562,2.52734826232478,1.45184673204243,5.50016558295784,3.80997383693786,-1.87942880143062,-1.13930621379124,-0.791238821716001,0.912735717395816,0.992433377482486,0.0791187955610512,0.543892905887655,0.020253500761359105,0
6.74349052270513,3.77367942453895,5.11714018906009,8.36090852953548,4.16373965969661,-0.981956235196593,-1.43907030723837,-1.74271311726165,0.357200205495543,0.669878425844333,0.364549553543109,0.539606695657329,0.0071040144174026355,0
5.43161794271762,5.34076143397825,0.81600009462873,8.91702392623344,3.56424950427567,-1.45909063542656,-0.649421670999832,-1.45573719784928,0.366680400680938,0.97853664722771,0.65256894028259,0.543973473076677,0.019675860781333467,0
5.36574054610707,4.61019291574382,7.57116422904093,5.89256685306126,3.98641104068382,-1.55589887659603,-1.05258231373479,-1.377929850353,0.72231886882085,0.502943481854885,0.941827498796091,0.293031332818781,0.006931773868769737,0
6.64687844908291,8.36914609958352,5.0330785308314,2.50813842271792,4.04825611892017,-1.42559439872581,-1.22255447878506,-1.4001072414093,0.213088990807793,0.855914097663623,0.409195822056787,0.811516126131371,0.022778917911814116,0
4.116829313727119,6.8075051115098395,3.9666784219237488,4.678186433205855,3.7847193215960124,-1.345544561646628,-1.02712300936874,-1.3780496773045807,0.4903121628802812,0.6987236804430154,0.6316420206179101,0.3430873142189017,0.02528773528505996,1
2.04707787410168,8.19347921175027,9.60295432170427,9.26225112186221,3.55157825604128,-0.669944484577409,-1.65366371269381,-1.22797005877006,0.86278596090308,0.91009302261728,0.596016148374138,0.48134679882178,0.01276666808977819,0
6.09189990927591,9.59320906631126,1.5773826987581,9.54537318079572,2.92089378865182,-1.6147501999545,-0.565186048252857,-0.740957540444459,0.602917398604564,0.516079992644762,0.138504869255939,0.17274798350428,0.02441787538030636,0
7.53928051251716,5.80037560493252,5.25645110979785,5.68710762173714,3.95013363965432,-1.55470360854659,-1.34600545472462,-1.04942457638311,0.14315876832454,0.591972133519573,0.195637479188711,0.93700606023547,0.02079566481005483,0
2.36739703418622,9.09308790001993,4.2322892645375,8.87271001337348,2.89430050309558,-0.77701955945011,-1.04131417165768,-1.07596677198779,0.180869278519042,0.686713523931921,0.951358082502037,0.433712526704416,0.014652387489966428,0
5.77310183330941,3.45720722578354,7.92887466906322,7.9358978703754,3.45755959733846,-0.826795933710237,-1.58731580803557,-1.04344785559265,0.642290518404708,0.571415751723616,0.3798125628158,0.522990485504746,0.012048521739909189,0
3.932075952499783,5.9397911832983,4.502646792120361,5.96929361251653,3.4597152495102517,-1.4400425160855757,-0.9662076074975188,-1.011474731837419,0.4805024360143173,0.8195789790233208,0.24350521551122548,0.43632486697619344,0.03685209744511448,1
8.15058470236694,0.93973385643299,6.9039692611162,9.47055342927172,3.57862177366989,-0.654987301665277,-1.3072969202267,-1.61633755177791,0.250506503752969,0.361493197757637,0.976048130575934,0.879646712106009,0.005217082246679182,0
6.63026407152034,4.36745619669236,1.03526252670768,7.91279477478975,3.73216248000939,-0.605543884780654,-1.9354859924169,-1.19113260281184,0.997623715400771,0.395696196408843,0.464895574346617,0.948956481863506,0.028956770743121446,0
4.71489698118813,1.12595202273984,3.34271367869809,7.39429917650919,4.91875390110302,-1.92676128711462,-1.03828966713264,-1.95370294685576,0.967877217636545,0.315757766338572,0.686775384606118,0.339956502733189,0.012421893627278902,0
2.80596561766462,6.62186578784124,5.3215835151046,9.76812843357287,3.89042659315065,-1.90490438950651,-1.04307129261172,-0.94245091103242,0.720332793946819,0.837304062818273,0.17329117401826,0.44306883754944,0.015369328277702914,0
6.07260824991848,5.56393516672422,1.14269967884974,3.09547284689753,2.15518335687179,-0.7238466732434,-0.852865245733131,-0.578471437895263,0.340352375094596,0.518745250565615,0.160526773718548,0.871538995521414,0.020353139594273716,0
5.37084765054955,2.33285929737289,4.39531690988503,5.11753518197839,2.73929023817587,-0.759839764532912,-0.951863937038754,-1.0275865366042,0.583743953656852,0.169850408823603,0.724734102766965,0.184575917105564,0.01570063916468153,0
0.800382945655438,6.7519861421942,9.12378415961033,9.73812935716426,2.75407376810083,-0.514104056915664,-1.12566365013712,-1.11430606104805,0.349253178410956,0.820216166587225,0.547272458101193,0.312000379444427,0.007884813894600424,0
3.27201259335022,3.53025292885009,1.4921183280169,7.53745026117124,1.88851683742306,-0.666118320425181,-0.674936212645704,-0.547462304352177,0.762363124709112,0.993730112034652,0.224943084707864,0.073300108665619,0.02196753993274796,0
3.01566069086265,1.53939712332642,0.601978394435998,4.27423541033781,2.40951756056022,-1.368326394022,-0.505592938552052,-0.53559822798617,0.989935923324565,0.536953147762866,0.346979481753809,0.770169285889639,0.00933346304348415,0
4.62006660084496,3.9584506138659488,6.722504384803017,3.8091539591589543,3.736547521765424,-1.2360279443425664,-0.8376514903059883,-1.5744459560985564,0.5551005550731339,0.536100953828595,0.20623025661745853,0.413720895283497,0.05073496891879674,1
7.0491741557669,2.81762332160649,6.30397361078779,2.27619093495685,4.59708728284825,-1.70091038616999,-1.79575520707328,-1.10042168960498,0.69564719611543,0.519547831844215,0.578558594825881,0.196283937730554,0.009599724669082356,0
1.68928582641179,6.49126053950777,9.05060385524022,6.99155161957714,2.84092159415212,-0.943888933612045,-0.572035041144397,-1.32499761939568,0.881304737936679,0.688389532894308,0.963854849387951,0.540819728956076,0.013357706795802511,0
7.397040034005725,3.830844130805718,4.72118683131707,7.438872256681139,3.2254520269762708,-0.940731097418186,-1.0814661839540276,-0.853931577227591,0.8678872205532566,0.6479824973330687,0.6937397115644859,0.6075984744846351,0.02514025823054921,1
5.35082856130621,3.31783864745869,3.62783662998354,5.09010361683633,4.33651959750432,-1.74766122653123,-1.64213700153901,-0.946721369434078,0.407797743140854,0.915428165940946,0.999336183777892,0.763454050137439,0.025656863545507152,0
6.48269414224954,7.32015859650163,9.31521840247423,3.61643983150858,3.69509908525716,-1.06714026784623,-1.03907016217593,-1.588888655235,0.702439560812347,0.423081150257988,0.288622617277964,0.52969691871803,0.0153917334857952,0
2.69174914345498,9.63529268060332,9.0048450411943,8.14676345960245,3.14851281526592,-0.808768319266662,-1.81166729243466,-0.528077203564602,0.868792927074918,0.453940175438356,0.703986862731532,0.967074648702067,0.028978886878112828,0
4.307471983511058,5.6279110920627415,4.965710530660881,7.421423538695716,3.8756515468256305,-1.2885661565972422,-1.2251455192669591,-1.268395070500371,0.7195997606202851,0.35661099675195224,0.5156555556055181,0.5457442474382295,0.07743674188657432,1
3.36830772784842,7.37547638606851,5.74556365947258,2.59312087520866,3.94830367471999,-1.16417992834724,-0.903357658772252,-1.8807660876005,0.364444907336279,0.625497027200638,0.625736454202611,0.342690756405123,0.028016054261423992,0
2.82726241447657,2.68948497159549,4.65463098864371,1.67705857582324,2.70971065234415,-1.57160600819314,-0.515720006287622,-0.622384637863387,0.792643584961419,0.573553106426634,0.422439992562438,0.937283672746176,0.02754797352602574,0
2.23773290135192,8.17595318163888,6.93147999746144,9.33350753292974,3.08790610999045,-1.1781519578549,-1.02308317600617,-0.886670976129384,0.209208622058848,0.24224299501321,0.549238862952623,0.913444490028832,0.024838322269424434,0
3.76983532286409,3.2382025744995,6.28047764948673,3.10535542185677,4.7197174494066,-1.04487869802188,-1.67491241965429,-1.99992633173043,0.599853479388944,0.465571049958799,0.228553442010827,0.745867231592266,0.01581839174769343,0
2.72362057892381,5.75272739407992,8.08061373895983,4.47738719941996,5.38389005823563,-1.66271469721898,-1.88058464441549,-1.84059071660116,0.843096939096898,0.57746209961775,0.412126090171477,0.570063870390565,0.01485758789405104,0
9.36171515903525,4.94504509652362,7.16587103399733,4.80956323572126,3.20891783864466,-1.41484685833581,-0.61276292040298,-1.18130805990587,0.426900080741674,0.29326567949297,0.331895969298974,0.691286451335292,0.021016937944302424,0
4.224764039339414,4.4302263272334415,5.560783989960525,5.592912325679219,4.048872969361973,-1.6078723939432746,-1.187060105927565,-1.4990155914368597,0.6957542703232609,0.6286335869180674,0.40287734689970073,0.4286885654570649,0.025325297219226398,1
4.69476209028704,3.04246899278116,6.67842038542986,3.70911708626231,3.09012003793165,-0.896348101051955,-1.18877900870766,-1.00499292817203,0.583486007791146,0.856594977293105,0.494477253469888,0.0568040215252899,0.02719228238900407,0
8.53352749044229,6.51571512458941,2.75723577039477,5.73463673168914,4.73370016930991,-1.52025626701826,-1.93515147537426,-1.27829242691739,0.74146625500626,0.749138488171136,0.890709967387756,0.586407656923625,0.024615325792625903,0
6.24887203364949,5.53327796347024,5.93771207754053,7.3552932907411,2.88727263080509,-0.866224145766266,-1.03332335998198,-0.987725125056843,0.313240549464748,0.914950034539843,0.681599568613581,0.369313446707488,0.018535645682633405,0
5.31021358004922,4.98714490569672,3.31713063735014,4.38894746163801,3.45260842661446,-1.09160914808962,-1.46041167153562,-0.90058760698922,0.0783828850363928,0.84712697666537,0.471971348182323,0.335858771069065,0.017247620210662312,0
1.8424541376565,5.54798915245286,6.13811885452172,6.87312412651617,4.06964520308043,-1.24915892459814,-1.91120678794144,-0.909279490540852,0.917014814676662,0.159697746001658,0.993500064291746,0.660718348315327,0.018402800948732083,0
3.63474478949534,3.96837203514409,1.805220901386,3.20677589169417,4.85909606401317,-1.939816299643,-1.96634733439862,-0.952932429971546,0.827793156735649,0.855088681676891,0.24762192973916,0.640637582098023,0.02614710573499967,0
6.6862806658820855,4.473433143111479,5.5534602043826435,7.158822131145368,3.6932566403266907,-1.5929188039039404,-1.070314146637044,-1.1258353632806821,0.496416044946049,0.7094679660664934,0.40868630493562635,0.3274436625552971,0.03376616244873433,1
5.45866152779746,4.30007371506391,3.52249578026396,4.86922080418852,3.01974835866045,-1.10553972126299,-0.54318767696867,-1.37102096042879,0.192067817923942,0.511808810426136,0.820327542766887,0.554115935430809,0.023664020745389275,0
7.46029774840084,9.74817384068206,8.20707274988558,6.44630745495592,4.01121237194242,-1.85862021429455,-1.21657623695658,-0.936015920691285,0.858448435579492,0.938017314023967,0.271399539413796,0.804834156681746,0.0067219006972371355,0
6.7510966259013,5.88017536346634,4.89768957671573,9.0713947187819,2.50815571022742,-1.44814903145492,-0.519022184931627,-0.54098449384087,0.88302785135777,0.480177332578044,0.0649107314024365,0.0661379364666739,0.01774124352624628,0
5.53642029843101,3.15274974262342,7.66778462864975,3.2642421343397,4.86512289649516,-1.89193109420153,-1.74576710623443,-1.2274246960592,0.149886532935465,0.971084833047901,0.589694978052732,0.684036421277968,0.016497354262966734,0
9.40244308191306,8.37120062931734,0.799615924606693,8.33556962526455,3.31111035047604,-1.8557398835281,-0.539740851561585,-0.915629615386354,0.619337410303653,0.641665307186812,0.177069473763688,0.675030017935593,0.022466501843114172,0
5.39376822712636,8.50278246872576,1.6503058274627,5.97853341440779,3.09215793210016,-1.36038535369325,-0.584545426555362,-1.14722715185155,0.81777574745003,0.571191708968494,0.701033898401096,0.734914970722441,0.01093314531722958,0
6.68626752179317,3.35657989062717,2.75201493420658,2.74372286271666,3.50435253396806,-0.822974555732741,-1.21349457228803,-1.46788340594729,0.495061147952244,0.967067337505453,0.498941067258496,0.103271467516111,0.01360270299207152,0
4.713281221877029,3.4994787478749583,3.6757692211011967,5.909686736477367,2.7665957884975203,-1.1775991279592406,-1.2228787940411923,-1.0300829514457277,0.6577322536950091,0.6448543364267754,0.62313746485504,0.5805496090048704,0.061331209691572144,1
1.21845904219549,9.14823782983346,6.0805718032558,9.70823308825913,3.72385247901804,-1.22006234029043,-0.872429278171039,-1.63136086055657,0.0595154865180817,0.431466069252329,0.981938521131937,0.842501436265226,0.006725315326238075,0
6.84469992482495,4.65965577335001,1.1749581336282,6.55895895909707,3.19937074274292,-0.834139370586525,-0.77866456572772,-1.58656680642868,0.0637758863596467,0.812295446247176,0.880959838994374,0.813308215390618,0.011036441409115553,0
1.66601947221904,5.64046654691567,4.60774553365619,5.12459548300271,3.33726199554383,-0.769422754329455,-0.906075143919978,-1.6617640972944,0.587064670276778,0.916512500198869,0.990560988547782,0.217038239258475,0.02081026088643904,0
5.02245843668382,5.90250823978853,2.70589311151967,3.18320756667169,3.3478128797606,-0.735285193107522,-1.50229419277228,-1.1102334938808,0.850156491461587,0.484117481043143,0.604284395197117,0.587726964695061,0.025785393044922136,0
5.11767454700221,3.08895990695651,2.97681956144546,2.46686861820058,4.1177342818202,-1.6157229458156,-1.68681821419194,-0.815193121812656,0.975329105039771,0.131288047558623,0.624944832593058,0.319099276243021,0.029044975987003886,0
2.63089135013563,2.63096345584083,4.80052799353468,3.57650191346309,1.98361509932969,-0.66505161453702,-0.689970778868569,-0.628592705924099,0.811833444522944,0.754973456457914,0.823336707789778,0.629232188856902,0.023049422553187145,0
2.25849423722442,7.49312854686205,8.29619019206733,6.18126626026618,4.13506291262956,-1.61175698109414,-0.868672900179261,-1.65463303135616,0.323275190244457,0.0551018971675402,0.931655623064413,0.675603939570475,0.011216591948227326,0
4.294214947542837,4.021311855976244,7.23403332742779,4.171605438944642,3.965176454426155,-1.045101309780064,-1.416742946377198,-1.0906014684352305,0.6662752413320889,0.7686451332250717,0.7129150965912961,0.5920824256652037,0.06600437939975355,1
2.15816464103604,8.66451426891726,1.55235935417082,9.6414260460696,3.20872224936368,-0.648808980649163,-1.48574187208852,-1.074171396626,0.14713050386436,0.537682816868797,0.554673351238044,0.925768900849067,0.015620119315714318,0
1.62961612843575,6.28841480600003,8.13640139139676,7.95899088857872,4.01642627701624,-1.6104677477611,-1.23692241748945,-1.16903611176569,0.131133653015106,0.987025494974704,0.405819129451906,0.532202492905583,0.021049475522514915,0
3.52895112814361,4.36450895962785,7.31219808888882,7.45362919553572,4.19946418234877,-1.51328656023935,-1.29164460505719,-1.39453301705223,0.701372261586952,0.369554957111156,0.116643120979937,0.521880614328096,0.01760850994013761,0
3.8427185364783094,5.366560304821195,3.630559096857051,6.2194705661433485,3.1547929879627477,-1.1720296905242313,-0.9102912493950976,-1.155171317994559,0.6500243079980336,0.6925318273003132,0.4757669378259351,0.2757469237119946,0.04001238878175409,1
8.23973330379769,2.22708359420564,9.48415150263341,6.90627949609256,4.22656257265465,-1.79113628800599,-1.08694785326608,-1.34847843138258,0.235210902135706,0.653082583313966,0.432305649330639,0.386646061987013,0.010972551277010476,0
3.6339397824338473,5.4067859400217175,4.946775221443141,4.986676808515259,3.852850479846983,-1.2417775780180023,-1.5138927426087487,-1.18394540499925,0.7338295115506549,0.6310967747411569,0.5902097814480226,0.5452789114949224,0.07785614146205574,1
3.74705678682012,7.35017757123422,7.32214821106311,8.67882426623548,3.53687501995508,-1.51756584194753,-0.777285786994244,-1.24202339101331,0.303608131810565,0.687002468496572,0.616493195633729,0.0861577948245674,0.024338438350059423,0
5.48219927298202,4.89067426386614,8.73539596994809,7.40238610394623,2.93899129277993,-0.711521332835092,-0.557653940056206,-1.66981601988863,0.216940464228974,0.285608934418721,0.959997045006488,0.212945938285333,0.015128883427322111,0
8.64406686771528,8.77535705985979,8.9589097946972,4.47307690604937,3.38219380586279,-0.984478756159486,-1.77803833030253,-0.619676719400776,0.499451984264553,0.918452880069988,0.867627670365922,0.17140276284956,0.026309114530388818,0
9.37475747973474,7.67884324599953,7.98317038038707,2.30146209966625,2.42425175200469,-1.26426086982777,-0.611978132467601,-0.548012749709317,0.242268490098109,0.799688709290935,0.241350363875304,0.276263935282204,0.014336040687873003,0
9.27894267228078,4.57299124410223,5.61063237882283,3.53052857426073,3.44959405343794,-1.46046924327343,-1.17231865653525,-0.816806153629255,0.673510698503434,0.975578700783761,0.731890889521794,0.153240126404702,0.005340030336796524,0
6.39799912834181,3.59589216004881,5.53441211935217,8.28413345976644,3.81152723903985,-1.0553117414616,-1.76189674859974,-0.994318748978514,0.897182056899412,0.442765924176632,0.649142987817399,0.217822787188441,0.02095813911793732,0
7.2515778596196805,4.389568066271133,3.9298291659022198,5.082376106460877,3.5571370684457984,-1.6004848437317956,-1.226195889168603,-1.0301230641536265,0.6252328232434332,0.24281965030418567,0.7295845076522832,0.390829998491791,0.05193613126937392,1
5.85615264877847,5.29279922822644,4.27127839683003,8.96804267604245,3.84407871319991,-1.53068649359484,-0.769519855631084,-1.54387236397399,0.626441328798194,0.488316103583986,0.924170968108781,0.0702345899470616,0.01987134923415975,0
5.014362219333044,7.188410781071484,4.218382880255069,5.3230606794626745,3.3161575866777877,-1.0111060826329004,-0.9059268498180384,-1.3686372973473084,0.5756171186130835,0.3967475355056162,0.6240384590876719,0.4370120836141903,0.07302304931934174,1
3.57631668783254,9.07452943164862,5.29146492212664,3.63079627269175,3.7200336726938,-1.33983518713195,-1.47783352637134,-0.902364959190507,0.170296252885895,0.415657226488158,0.737713950309079,0.269030830897019,0.022314548637702405,0
8.23342151360579,5.75921364096011,8.65532651902124,1.33147612596286,4.84665539202844,-1.41828970837941,-1.46816165057777,-1.96020403307126,0.49779117620107,0.147028347622819,0.6711251356185,0.947425466437085,0.009986432690342665,0
4.19872518903587,7.39898283788937,7.68038258894804,3.30260686725643,3.72284159376284,-1.61633697446812,-1.17953361270217,-0.926971006592549,0.620238608829001,0.126477012689528,0.364722345427625,0.557131881433802,0.025700506873561686,0
3.17815227999046,2.59144622146132,7.7838886877769,8.34744898422355,4.55131342215019,-0.837797396014258,-1.84581109661473,-1.8677049295212,0.204965150598016,0.560466456696945,0.230187201483744,0.906609598786383,0.017984868237232884,0
3.35907541816215,4.79710857578883,1.92402470471434,8.37152128787673,4.37233841877621,-1.91682123595516,-1.8276882928987,-0.627828889922355,0.262291232540407,0.467428455205469,0.317817519833413,0.883281787336107,0.019132839389017248,0
6.52552522137581,9.50803735977465,2.10542625292185,4.6087822958591,5.65548739956901,-1.81323077776134,-1.84844238882244,-1.99381423298523,0.541402090886453,0.356416358629753,0.240625852112506,0.640548237667927,0.005394090382827608,0
2.77091430254901,3.76681603450578,8.0382774350021,4.32926904870747,3.43137651915434,-1.15172942423918,-1.12612871258091,-1.15351838233425,0.89867189859538,0.393408788169466,0.845625920910448,0.795196896807116,0.028086859476910662,0
9.08208291505028,6.83102956126333,9.6376247504891,3.45047482985324,4.5893889504929,-1.63872809415396,-1.78060481689118,-1.17005603944776,0.349748581808596,0.485983501311368,0.414370067261246,0.223367555064752,0.011799434541765583,0
6.79853330881654,5.53839955544871,7.41867148705863,9.13633674718733,2.76823025781875,-1.24239240144284,-0.563909571338014,-0.961928285037901,0.711969250059985,0.408993835262634,0.80169276661438,0.0881329167526378,0.0233280169776517,0
8.9447623770576,3.96109355256067,4.8046171876751,3.14490794129989,4.34366248340775,-0.678415523779788,-1.91001517681696,-1.755231782811,0.724805255958419,0.887172290329819,0.617046241780702,0.678326405469751,0.012689934407178773,0
1.35257860904039,3.02416656393352,9.84072979898774,8.02210492547143,3.14615509241883,-1.61716710998922,-0.969328127595258,-0.559659854834352,0.44842526076235,0.243764393630648,0.773698234688764,0.498244986762911,0.005553473431376511,0
8.84857383924492,9.96929741914552,8.68821068745841,1.16448028749857,3.96534583985988,-1.49564740061457,-1.64015771203537,-0.82954072720994,0.0763001284224191,0.245691739781705,0.960573693403802,0.741149948705989,0.006858137513870628,0
8.01793553027376,0.923937257554394,9.40614972634077,9.66818401262788,2.55372710170203,-0.871428564327885,-0.532566403909493,-1.14973213346465,0.829099726289173,0.542300297160988,0.958324813018981,0.888991740098858,0.020961361144313576,0
5.14003420015087,6.94345236222883,3.64955524099794,3.52748735528139,3.31221913607911,-1.70846939336463,-0.850056233625277,-0.753693509089202,0.520336739742599,0.954623972747441,0.663749189943449,0.241332808310434,0.013694965862668756,0
7.46999297578585,2.19439010439099,4.74630553206626,5.71588043478338,2.5485287605847,-1.22075920666414,-0.804252036954521,-0.523517516966036,0.963020058794335,0.329818334220248,0.0848780309539603,0.670863823212535,0.025653569095437066,0
2.36936886790424,2.69266627621928,3.01600347144532,6.572452372809,2.33851942847993,-0.951938171902206,-0.613268998706993,-0.773312257870729,0.757518245708669,0.400462061111357,0.933656755351861,0.934261466397899,0.005811814246541254,0
6.67923675190917,8.53240372638248,6.01494525313563,8.64342895415812,3.47931565073492,-0.683523116386414,-1.23470295830356,-1.56108957604495,0.665602525633558,0.613527804309365,0.9770269184228,0.79406183931422,0.027530962429971904,0
1.7880288651603,4.72579707482614,6.03298798786893,1.64491169505643,3.59510983447944,-1.58816669856268,-0.768948783185601,-1.23799435273116,0.990813001768257,0.617206015722022,0.894943233020742,0.635313751261515,0.027600697573673314,0
9.61650407922049,9.30025606522098,4.37974912970983,8.61053049977892,2.91804972432253,-0.835286134406575,-0.665079562167288,-1.41768402774867,0.310847259340947,0.0757910723113455,0.381293258011375,0.828546774866857,0.022305240213096808,0
6.81602137702528,5.01767835396953,9.19379620159034,3.65174031597601,4.0314082360998,-1.21975161132473,-1.71365101176155,-1.09800561301352,0.25993270605781,0.348274639883591,0.311826755653396,0.949067502690186,0.009724765500190642,0
8.33152216831637,6.39738121413234,7.48517426608769,1.56544446700588,4.43889576310397,-1.16825193319872,-1.85371829272197,-1.41692553718328,0.593092563820102,0.319841885066363,0.651824679889522,0.331577582686996,0.01465905131426725,0
2.38925814116405,2.36679048183631,7.70359905767988,8.07986477278728,3.80137266598837,-1.28214973996761,-1.02582618942506,-1.4933967365957,0.286380717502856,0.258147249331154,0.0874828783047956,0.927541759807543,0.029337325237781306,0
4.41118528837636,5.50786039798389,6.31612893795684,8.43798810696058,3.26876318222695,-1.2359294313398,-0.849871309767174,-1.18296244111998,0.777046100458571,0.154384790860149,0.488188621215326,0.699462206121186,0.027983278364292468,0
7.28378752134531,3.13014048096302,3.30807324394244,0.954766921560233,4.36980746490449,-0.851072333484352,-1.62456060156891,-1.89417452985123,0.469659865957964,0.82582599517811,0.995034395529521,0.246715232540822,0.0272110368021422,0
9.93703422165225,5.77797219654998,7.11657655096215,5.83861050063755,3.22639552283239,-1.23734597013505,-1.05073558101826,-0.938313971679076,0.229586702152021,0.50784101661342,0.24174468823945,0.770991324551728,0.014002812351974769,0
8.48331835412564,9.97530904042809,1.72591279768203,9.14537607971134,3.52577935972391,-0.63495928322369,-1.94202963844034,-0.94879043805988,0.772499091621429,0.533019815657953,0.254119933721439,0.145362805809388,0.011004024753744525,0
7.05541759893631,9.29325038965817,3.18160915156823,1.91499494658575,2.89909701661337,-0.890293942233489,-0.747120202093501,-1.26168287228638,0.561132212107971,0.508757938265097,0.683634539650139,0.436099394664852,0.007614090760283585,0
2.21564254750586,5.18502322657192,5.30278258772673,3.353347380239,3.63974704077233,-1.40198577772464,-1.20988882121738,-1.02787244183031,0.106690989751877,0.708631392180068,0.458666557988718,0.391620290725107,0.026948747683852265,0
6.9610770664173,2.24381594750369,1.2207857554835,8.59281516080724,4.83319533367177,-1.71976487372204,-1.83991894962831,-1.27351151032142,0.809983481077604,0.82317879321936,0.318813760874846,0.488108872619004,0.0274300840784049,0
6.213189873505955,4.804877680481494,4.417509453062916,4.150836062954007,4.051734115825571,-1.3968454633731338,-1.360518625649731,-1.1813283987611172,0.4722268395045638,0.6682450304881893,0.493154513988903,0.6214443923582398,0.02748643818952464,1
4.94665308072214,9.7081018888806,4.67147326837898,6.45936509233781,3.86501880449189,-1.93397720182792,-1.32766518778019,-0.603376414883777,0.817298117898156,0.65352369223262,0.708286130195871,0.934379984007351,0.005688140636834791,0
9.67085288478043,4.70792657930986,8.08605939660894,7.65113464373953,4.59232915567621,-1.88332519087533,-1.636922309746,-1.07208165505488,0.127482058363698,0.519915913364629,0.130020626225019,0.87857460929299,0.015121307481615689,0
3.9732695595007774,7.067458066166823,7.0794114696966775,6.614764414752387,3.238486015671271,-1.1066121210621385,-1.261091400273874,-1.1284185078475424,0.4238696546626815,0.3754266120091504,0.440943376056778,0.397894575264935,0.06356876064232239,1
5.557478099363562,4.450367168757157,6.605001962919622,6.663882537571724,4.1812894423343625,-1.5703390540659414,-1.2834979804617443,-1.4614820815085958,0.41833087344731085,0.6599472783324437,0.41033883441931673,0.5493667791211228,0.03898719954685633,1
3.17722209090736,5.49077997300725,4.10399815984348,9.95839142165957,2.41288554366123,-0.865845972515223,-1.03550108077538,-0.511538490370626,0.833098512479604,0.425983850714484,0.874126602646587,0.713600990709247,0.01631540088393695,0
4.34851555607708,4.54905845145016,8.98702680063989,4.14566403339844,2.88827486144572,-1.51586418556854,-0.790437243430223,-0.581973432446958,0.979039458285455,0.365685051147991,0.992847052367711,0.985905733366837,0.012459108558556399,0
6.03505715988596,5.98264094797955,5.3402527918921,5.71229143464856,3.97630401220553,-1.6125165471724,-0.989841922960035,-1.37394554207309,0.385578992873542,0.975265734130028,0.832567033506804,0.717310069302532,0.022762748489093695,0
4.820439027769053,5.309883357682082,4.991676067198113,4.369306883402591,2.9742724403479657,-0.9129936170343428,-0.9209095929204706,-0.9353716781475558,0.28330649784836,0.26783005946008587,0.5931413184370011,0.4232573613498116,0.05182778053628516,1
6.67381927335826,5.3355445067741,4.06690131696577,1.95892221606534,2.91387340524487,-1.04922848464178,-1.35493447857818,-0.509710442024912,0.660825790709127,0.67926546449282,0.788007502890079,0.0872223632965714,0.013449285626404711,0
4.113601129239112,5.6790657327540375,4.801194668407295,4.410600994176608,4.021130539641811,-1.2500169829660264,-1.1514013443586923,-1.4769689160085868,0.4324872150895708,0.3079792854157261,0.4106335121048027,0.6704354015495655,0.02159725749080304,1
5.93729698902831,0.842845041265408,7.58171688121591,2.32668705545557,2.86711181399521,-0.528235037457338,-0.691843519485253,-1.64703325705262,0.504870780250881,0.330558576723038,0.625632589262774,0.973474675811928,0.012364272517285023,0
3.14003184481189,3.76203771802105,7.59470741095608,9.62853883766251,3.43138047992868,-0.552155308916117,-0.904723800892453,-1.97450137012011,0.492502489054888,0.240887866018852,0.964004905670395,0.187825158748382,0.025878388541238466,0
7.96851025889864,7.44556875323069,7.82471978962584,5.82105966273511,4.40034357025156,-1.75619712982588,-0.90857503072113,-1.73557140970455,0.861771158243474,0.190179730383004,0.889382289363453,0.992311282229401,0.013356845372820447,0
4.126598831469812,6.71367852845393,5.33228878513872,7.524965811036823,3.8859907939557097,-1.4652214566264206,-1.1254200370053506,-1.316051246070322,0.8060337008834102,0.4379191604387663,0.2793913168632405,0.39608231003467037,0.0563743993781651,1
7.15973412032925,0.690352802756417,7.60542683142364,6.68807597465731,3.99357293048561,-0.988489481726999,-1.88823723667418,-1.11684621208443,0.725685381702669,0.374974008896985,0.509747284881541,0.826091084711199,0.020583573597579247,0
6.85732085746005,0.784609131931933,3.73823137102545,3.49200656970328,4.1744646259378,-1.90937550667273,-0.544124762735155,-1.72096435652991,0.785118471872652,0.548553185299662,0.422883702804679,0.956887773939992,0.023685163620559894,0
3.49354912017726,6.57950984888849,2.8710977855815,8.20550353318809,2.04664299860137,-0.513172956124623,-0.625150683456392,-0.908319359020353,0.240243998206789,0.29566367480395,0.637037192229352,0.550972396214301,0.007184147346242405,0
7.42466363742382,6.13704322956864,6.86737093143775,3.90583726160723,4.67615620223509,-1.6026638142157,-1.58943769885682,-1.48405468916257,0.593173644535368,0.542787169696278,0.424533321579623,0.772999273359061,0.006086331191442763,0
5.15720793117622,2.00782346690396,8.80361911700557,2.41676663314032,5.11895032078558,-1.87120053855941,-1.26717209393015,-1.98057768829602,0.956731018131397,0.268357258173259,0.304941830290097,0.701846340797981,0.023003342850924417,0
3.49200402678386,2.65134268663076,4.28720280575421,5.40817472539129,4.30926717031033,-1.98592366150545,-1.79473201366285,-0.528611495142034,0.886261238909379,0.892014188081286,0.220226455147711,0.507077572372213,0.014068615171261425,0
4.097237010031676,3.895189316009538,5.18858935752623,4.599184342183426,3.288865030887722,-1.0128276988394733,-1.2668386307632267,-1.0910834773938969,0.5703469334928822,0.46363518608176146,0.8316208965741386,0.36120780024431204,0.021406709860310746,1
5.4886173724315,7.244389683980082,5.113299701960512,4.435060691324606,3.6363046243683077,-1.121226020590521,-1.4524410272073331,-1.0135985498701892,0.4673425957641933,0.6678277703654678,0.3786534126531829,0.4463777905708506,0.026943204474419946,1
7.7988233647569,6.01302923688006,9.54966795772404,3.35076614756653,3.20811520401486,-0.604999338366965,-1.33663842218679,-1.26647744346111,0.714296014308247,0.988726752045391,0.469423231230282,0.618487652648634,0.005447363710444096,0
2.58962159506644,5.81979231153003,5.69399330987826,4.80146423028155,2.20810454590365,-1.00153038739468,-0.563710635557782,-0.642863522951188,0.755793752896119,0.727535209715553,0.585402255372122,0.571947293653582,0.02316028032610763,0
3.05493773223907,7.98092928715749,2.96651342176261,3.05702564885922,3.28965984397439,-0.673976590940182,-1.11346241640986,-1.50222083662435,0.0715197937378322,0.445561249815964,0.710388998240379,0.984907498166922,0.009429594967697026,0
9.90454152874344,8.27937401347867,6.09535563347343,6.66834090597779,3.79794008764944,-1.7889686539063,-0.7279803795418,-1.28099105420134,0.194791014087519,0.894696943329087,0.660503795135062,0.305951865630681,0.022392563884225374,0
6.2158312561205715,4.758905787246482,6.342386270295369,3.712916695014317,3.7021154504692384,-1.1266862845090042,-1.307223144134489,-1.1911953152353756,0.4968431281244214,0.3925071997531052,0.3242877355507226,0.4978511192477435,0.022040807966833907,1
8.55756342645759,8.77860492588596,1.62518484436085,7.53288709880791,3.96566975028869,-1.26869363643614,-1.36076836409434,-1.33620774975821,0.839709739523424,0.473412327053542,0.324815143347958,0.667081444495898,0.017547990274356794,0
9.70417451620685,7.65735113805219,7.9443909885923,9.50726796226544,3.68737616452219,-1.73813411288704,-1.19239559577047,-0.756846455864678,0.278921446313041,0.0971484381283447,0.835872272689457,0.160395131933547,0.018723573237781052,0
3.252947686384,1.60704989608295,0.747633473928506,3.3565349365284,3.37456735498536,-0.596313882045378,-1.7575069539139,-1.02074651902608,0.999294984164265,0.722768239733991,0.824834817536038,0.520869703240386,0.02645274696472073,0
3.6970096167472812,5.429865321641226,7.3628718415074434,4.259786482514454,3.9680434804809965,-0.9392663799534282,-1.6054264875494866,-1.5621936034343666,0.4308518328408365,0.6311267159279815,0.6908419683236051,0.5147029116405071,0.024283418205842205,1
1.32352252524681,6.97233139979842,5.46976392803374,4.70947708172129,3.62154853141542,-1.37743485913597,-1.09591885161438,-1.14819482066507,0.526635531273347,0.382979846595678,0.761238051296292,0.816611354480113,0.02381939187972659,0
4.79075611993588,4.76979401637487,5.98365001450169,3.85223363517692,4.64675528454735,-1.94929108216276,-0.771886858421599,-1.92557734396299,0.845139853410315,0.950445528091211,0.207973679142117,0.58326678120453,0.023940095735616743,0
4.777294100305,5.71573365001484,0.861409702258976,5.11954376364575,3.45540086371939,-1.1948241920442,-0.714945249783632,-1.54563142189156,0.310105047318927,0.834578395839939,0.698973255103932,0.463873759461543,0.007582805496712487,0
9.80711066797657,4.54183812797803,6.49023361613097,7.67563857737582,3.96325898861666,-1.65445260558964,-1.41712762381566,-0.89167875921136,0.257501250528181,0.493025791126774,0.319361895657436,0.380250569980012,0.01812203294366212,0
3.18691881222354,9.6220240680717,5.51443738322528,8.8790681940711,4.49760412446801,-1.98938229935528,-0.79073892773902,-1.71748289737371,0.0825352567705465,0.325847123544273,0.673460875908054,0.888206811870512,0.017724383224063174,0
5.99335395258332,9.0340656144281,5.26910930278146,6.60139309383313,2.26614769444918,-0.615716091106704,-0.624422163222893,-1.02600944011958,0.460573935570288,0.125573359574972,0.529968806298992,0.948720394976727,0.017863595988221258,0
1.6060469558166,6.3071329451466,6.98364586658126,7.02173927171982,3.51922478561205,-0.829110476955853,-1.02970291137705,-1.66041139727915,0.758620718702725,0.905573343473795,0.117739338168064,0.69843148326044,0.010458122579499296,0
9.81812809445219,0.511597142503376,8.58898740322161,5.26007226288414,3.39563623384181,-1.10785702494299,-1.47867690854887,-0.809102300349949,0.931287341264425,0.599962528375323,0.29164331603908,0.384294639896642,0.021454106405823053,0
8.05366634364923,9.47770817519706,8.8800261470154,8.25011124421417,3.59415080760926,-1.36297143512829,-1.54212585339034,-0.689053519090626,0.77055243373226,0.410746359428967,0.0703082269438636,0.114783678225547,0.025760214252001642,0
7.87209330705778,7.37857350176148,4.3473905293579,7.47053665945197,5.8644179596283,-1.92904167351169,-1.93847852116787,-1.99689776494874,0.287457494536025,0.309457787204179,0.900138884271203,0.635637636289218,0.020587496663971996,0
5.562445861969251,3.741384741043003,4.075585326422884,6.506606225386289,3.373100765301313,-1.1151487984267259,-1.153887871630806,-0.9885555874591602,0.28710380712489875,0.6977350924267651,0.3472993141971634,0.3689833438091358,0.079923495745273,1
3.06960156090102,7.09723751763026,6.36814094238043,8.63032453222541,3.26729555181437,-1.52258919930598,-0.683993304239702,-1.06071304826869,0.678101881394979,0.0546651099510363,0.253658579747176,0.860208452296187,0.018047748003338176,0
6.42424325009457,9.44844131243146,1.2788769103006,8.70015266168085,4.98873976894501,-1.29550582462596,-1.86123998334691,-1.83199396097214,0.462991971438653,0.441428081559221,0.41197858705462,0.398521781273212,0.009477047945632781,0
8.27833513380275,9.41793190789748,5.82870022484449,2.88482915542431,5.3861226396678,-1.93259354500208,-1.77903292877562,-1.6744961658901,0.254880069914233,0.770618003046422,0.0757486233245593,0.862769411842983,0.009482952417413256,0
5.4692894975191875,3.86776743113849,6.135376939359126,3.751157064054188,3.8781388308731914,-1.5208459159287238,-1.1990536903562756,-0.9448441930752114,0.3245190519761024,0.5817872355500628,0.4935547902453406,0.6881177520558827,0.07149996670825534,1
5.12413313348107,8.44464742636831,5.60716289842258,5.42879010643837,2.96815145510385,-1.08297341657146,-1.33729553063854,-0.547882507893851,0.790266429660609,0.617834693024765,0.515134207174859,0.803066893521284,0.005677581811695504,0
1.44294103467988,5.35320681893653,3.52139195514973,7.42011044823134,3.41300347886469,-0.877287573826266,-0.769353138390649,-1.76636276664777,0.498774179854183,0.878175007514396,0.16654606727945,0.57663774748223,0.009204658942291,0
7.68462797448424,4.62879312359446,2.28034463616221,1.77531145868632,3.16073653770962,-0.784597553307295,-1.33401274899354,-1.04212623540879,0.467013107388958,0.965067513992473,0.867954573779856,0.935818538186278,0.01396928998194127,0
7.33475448043831,9.2973784227457,6.54709817773987,9.32044297866793,4.00501529004778,-1.68637168860347,-0.995838087625778,-1.32280551381853,0.447377481763521,0.263456730453231,0.859418545352302,0.485002176654059,0.02647553478977415,0
5.832924616876754,5.9941366090836485,5.579023193725356,5.463332384026203,3.3264244424681655,-1.1858961084236148,-1.0840604653682753,-1.510485648675816,0.32197984146773007,0.5214069941134588,0.3883635489732674,0.4742124192610496,0.0799559735578258,1
3.54379717538585,5.91120939357376,9.56104424291465,2.56779326402894,4.12343220090087,-1.56664850181492,-0.954914254586759,-1.60186944449919,0.644036822890226,0.849099386195693,0.504635023973321,0.519956609629851,0.01005698561197534,0
0.669658234587172,6.89991610739976,0.751601107424859,5.88184358206176,3.62529756541355,-1.24873860969269,-0.534614775006869,-1.84194418071399,0.536734923629767,0.906721005843491,0.219816585344619,0.598728986144724,0.008702313995712611,0
1.50688986602171,7.27546086197565,7.38871577534776,8.23704916468937,4.40769787991072,-1.95083004683342,-1.29671392529962,-1.16015390777768,0.447389689733027,0.0804032358422224,0.466341791196853,0.731349341405624,0.01347888526104071,0
5.986888152653564,4.104329527802967,6.485983111593237,4.303106135500003,2.860270664820595,-1.047701800141761,-0.9085123630827423,-0.9032262598776049,0.26702133570324704,0.8141978167098082,0.5632257334513486,0.42676903657884707,0.0641288419779784,1
5.50037741403975,6.67580704148767,8.86806325672126,9.8065387902101,4.07312390906591,-0.788522317913501,-1.34917778632075,-1.93542380483166,0.784209188632948,0.579661828150762,0.172421385183455,0.985947963393058,0.025224499239134727,0
4.152510382044031,5.95488330338971,4.5395473267386315,7.176864918310857,3.7887223190760633,-1.0849120338596987,-1.2858519492115872,-1.112028328425489,0.33704394135652926,0.4028195222570489,0.7338787755250469,0.597134145057702,0.07281681819547767,1
0.613029320988385,2.8314267230619,4.75950887449753,2.71063204459808,3.21826795492797,-0.527690072161669,-1.29212168005146,-1.39845620271484,0.789097153991554,0.46215528402673,0.964991075100452,0.93934874359514,0.022192121009368845,0
7.75936395514961,8.07514354549557,7.38166573173646,4.22324882919488,4.02585591277859,-1.72257725172215,-0.806245816647005,-1.49703284440943,0.574398316781983,0.378958113503496,0.798143776927658,0.847904759223111,0.025542568151510948,0
5.24836386642556,9.55196086722029,9.07137618173313,9.04012044076894,3.52225773216756,-1.89487227183812,-1.00858428012321,-0.618801180206228,0.196315538878853,0.580171961324497,0.523046557806345,0.928459704128117,0.009016758778115783,0
6.49994826786289,9.03595417022314,8.61691905840486,8.70138451744051,4.06327181642256,-1.35556840293959,-1.68139232880947,-1.0263110846735,0.075885371767208,0.624681973296641,0.728241776563179,0.25015327081379,0.018228297898175757,0
3.3800867098082,3.56556531450538,4.48724397298852,6.9229110608352,5.62399240421759,-1.88211589811339,-1.90757590603493,-1.83430060006927,0.711883017146444,0.785254300282465,0.832373507133746,0.528597052280785,0.018730094758836635,0
2.49531074136951,7.55042933498652,2.75374727240952,9.15503111912813,3.33975393961097,-1.37413056597724,-1.08402812784743,-0.881595245786302,0.637600297140551,0.872786455112048,0.849608592611271,0.882252651992059,0.013618826147050855,0
5.17730281724815,7.81032837616834,9.18068164807844,6.63022874309636,3.18089333038881,-0.606237719384232,-1.80262142792516,-0.772034183079423,0.270911635886573,0.828645259845899,0.50565684599641,0.229030293468954,0.02300485008316237,0
5.74490038283772,8.92941598768538,7.27404738911039,4.74281917704451,4.42885489413314,-1.20695064654673,-1.99618443928836,-1.22571980829805,0.0621274123180273,0.910284287787036,0.347607652553793,0.20348605636036,0.027980831280216355,0
7.68265636904113,2.69364466297623,8.89507878514146,5.46845172800063,4.9888374112716,-1.52587510145789,-1.7311979387428,-1.73176437107091,0.682729679177273,0.114235447044916,0.254763613712052,0.548173552411919,0.022919974446472775,0
8.33902577760677,2.26009418508039,5.03229799027727,7.01585883944931,3.39753446733296,-0.667529485433048,-0.815079118992842,-1.91492586290707,0.433584102019002,0.136248616951193,0.931940146190089,0.193475436940055,0.013810695969448127,0
7.480599973534536,4.184380795074095,5.942304616880018,3.8508349031374416,3.0943063494179466,-1.2138684127177704,-1.1951591440598177,-0.9552410189375512,0.5542243140498295,0.5819884925883572,0.5813441979730132,0.6045054981079925,0.040414003242382396,1
6.29830857146673,6.47191863330314,7.96120594266035,6.55601251391545,3.41116546935998,-1.12517079084801,-1.59489326230582,-0.69110141620615,0.559455933319199,0.533128050796028,0.72374928203683,0.47059099852242,0.028449092020411345,0
6.96593779526911,6.27490812571445,3.96350911323299,6.35920626125913,5.23431325639772,-1.65035558686424,-1.59997753553012,-1.98398013400336,0.996983745878871,0.740326566916838,0.54533810128224,0.690850369132936,0.011410488588049873,0
7.94609961922118,3.61600975836526,1.73470843614163,4.57136836997761,4.55430795747317,-1.54350603063671,-1.80541163817481,-1.20539028866165,0.812749356095522,0.779973261245187,0.921011177674285,0.624937485799021,0.024631548320430362,0
5.823359300932812,7.138633149441802,4.0067737723178105,4.27652265934803,4.122417044250748,-1.2070588266890085,-1.5184629947009927,-1.6071588131028658,0.5928996054793292,0.6614034376328832,0.803848174540676,0.4358953523257807,0.04751725528370346,1
8.14866699476163,5.94585822115715,4.22028798781975,3.84614355166287,2.36936536301889,-1.24379057538082,-0.536765127761732,-0.588809659876337,0.537170300281612,0.0864661254818633,0.419127199303504,0.49733021854211,0.01087243356299805,0
7.65334124091383,7.51834287664195,4.33891747018608,6.30852141626871,4.55830563953253,-1.55948228860671,-1.90395594984889,-1.09486740107693,0.930047812757667,0.668555200999442,0.806329814964156,0.866414249653319,0.027337372970066245,0
7.64211464005053,3.1199533038104,7.27293303996621,4.45659428729882,3.93731544948443,-1.18624619614534,-1.7412892365145,-1.00978001682459,0.466376110953425,0.326408422832552,0.990441063645834,0.276956230915481,0.006775458959851103,0
8.07794926151575,3.13613576894287,9.72665470018002,1.82454733785753,3.64387890645478,-1.3194717418961,-1.61362958398068,-0.710777580577997,0.861076118420915,0.801325018426621,0.520293376750093,0.890852781968064,0.015444577557142555,0
4.96086522991306,7.71996105481178,7.39125372080681,6.38578402407662,3.66326234098143,-0.754992094465601,-1.1407589051634,-1.76751134135243,0.674215305907923,0.14163476543628,0.33040727939286,0.206050259312674,0.011276568988308125,0
5.176100922683425,5.001657668894795,4.206064527209958,3.731102093227346,3.96313058065901,-1.6789592615528492,-1.2240539561635988,-1.1824109911110119,0.31391316623830456,0.48080005160753386,0.5704383160707125,0.7027662226350051,0.03675432309110507,1
8.72788651460735,9.49498053828684,9.66675302997624,7.00158569703266,4.58399880523357,-1.70665277823041,-1.52471092163033,-1.35263510537283,0.257858583392389,0.863821391408815,0.598266652511787,0.501765632832963,0.019956947863871356,0
1.31670375001075,7.25821872986742,4.04904296719951,1.36311136684006,4.09366222905546,-1.28723935615007,-1.45054515371085,-1.35587771919454,0.555002900876778,0.853465467668872,0.981802368259042,0.524269118689639,0.025895991610474324,0
7.22049244079592,8.80308590325592,9.00282746529574,2.99618261830811,4.25975937976361,-1.60839669905488,-1.06594592276699,-1.58541675794174,0.832800182638769,0.149643713897562,0.184569325028284,0.955930759185338,0.007589092687750727,0
4.79895358148651,8.586602847447,2.56895459156809,5.77950908562959,4.0099951410876,-1.63522129979325,-0.586080185861478,-1.78869365543287,0.837136703148421,0.526878699150765,0.848669666698084,0.387800841969586,0.005320565048780553,0
6.840567199163254,4.381108804194201,4.068452618421527,4.609056450974324,3.8594539220631496,-1.089777448337007,-1.3585856185773488,-1.4617932522741808,0.6740859966667035,0.43285236540162064,0.5969961079571281,0.5077010578172987,0.0246784529433864,1
0.907854199327726,6.60614128570084,9.9652176155364,7.95173179260535,2.62160816798752,-0.538860043946805,-0.947603225930187,-1.13514489811053,0.901232038030835,0.557133677261098,0.463443801262794,0.636670595789973,0.01448701054332913,0
4.17833227027319,3.81517469599172,4.30726337172744,3.07998875909908,5.34185497566126,-1.99105262651391,-1.52064985241919,-1.83015249672816,0.403573232824235,0.845462732005729,0.939940529340896,0.572116450957048,0.005664975012480048,0
5.74957870854397,3.9162768063598,9.82898185444489,1.75055382806726,4.17511377157989,-1.91755422387468,-1.45774949320722,-0.799810054497991,0.195876520577018,0.912697077084579,0.957189841172212,0.314361938892691,0.012996445152354742,0
4.60978396993214,4.25272759197642,9.2045058685086,3.50194536438813,4.19864478454977,-1.77120783201737,-0.719773156230606,-1.70766379630179,0.733844150422063,0.930135054095414,0.480887177723263,0.0888237365119648,0.009322931262631791,0
4.790513526306588,7.263198009162138,6.031024808088889,6.566989063112283,3.9157903579862876,-0.9632082733887806,-1.6672012152932063,-1.4611812519117684,0.6187552086956524,0.39443164483977006,0.4318306227392845,0.5128637120231164,0.02496647102877265,1
7.78416260153117,9.35223762003615,3.23316643898246,7.02801050986379,3.40872634756335,-0.88753262897284,-1.17164599756347,-1.34954772102704,0.208313707005631,0.79695384322171,0.337734191879438,0.431499590444986,0.009516935172497645,0
7.030512540196201,4.291793214793436,4.57225901707688,5.509763639945885,3.398324306065188,-0.9137303387866959,-1.3191621409202605,-1.1281866547491575,0.6651059496663443,0.6213128665603678,0.5723004846620411,0.49873960588709454,0.05518669943887747,1
2.14203770714907,9.61328282172419,9.9509353278321,1.83014497425029,3.59808973934414,-0.665885076734982,-1.98258063282182,-0.949624029787339,0.474234652373247,0.561213084789702,0.619283076891159,0.242225388485993,0.009941872354240112,0
5.73911120759431,1.08466769263644,6.21596210715369,5.47065869193125,3.8621337426073,-1.36604070692176,-1.10185895855809,-1.39423407712745,0.336681259334165,0.214319203065162,0.948505317009502,0.158384446007354,0.0263005045607497,0
7.39711913383212,3.0941188199393,8.28452176568402,5.47442900573737,3.60660221806602,-0.566236154057307,-1.47567035095753,-1.56469571305118,0.604889454898221,0.555326465399866,0.217490161260812,0.62338396779047,0.005253246687808873,0
6.65074426889394,1.77051071388758,6.57204541047108,5.55021263981749,3.11821835227604,-1.08341902288402,-0.708120425373397,-1.32667890401862,0.574729230306222,0.820476529043,0.1308012763594,0.574860858488712,0.014423306608305219,0
6.970713634734149,3.8378306145894427,5.042099184215286,4.687271140877717,3.893992780898364,-0.9734552669570286,-1.4335724747944723,-1.1171881138479105,0.5112230749459856,0.5093036230708432,0.6880575837260333,0.3059151393479329,0.05691853740150328,1
9.6968461311898,7.91665447500764,1.24841161253878,9.5759755267924,3.4168936006557,-1.58765378814051,-1.02363613941467,-0.805603673100518,0.621354711994401,0.235969498245142,0.0645081609037472,0.597382364371249,0.013357860319244245,0
9.59137504282681,0.632354144314234,5.87787854070007,8.6981580316253,3.33718744432019,-1.39333694337956,-0.758528404257167,-1.18532209668346,0.581073265597682,0.213668189152325,0.89585914117283,0.666483133271289,0.006377600169501686,0
8.98612223539013,5.8110745605086,9.82687486470823,7.02726407733244,2.85432730849626,-1.12738127103705,-1.05393020508848,-0.673015832370729,0.498976725046862,0.665063615152664,0.677628935759964,0.836744533424127,0.016683315979120213,0
6.73776548491656,8.03414787851328,8.46125033335553,6.36789341544558,4.51241629824716,-1.44400722724235,-1.99015023463425,-1.07825883637056,0.917117541152758,0.661901904316699,0.214461282095258,0.231896849381004,0.02272498872394772,0
9.0073743715153,5.80404572433103,5.66381580906098,9.17487669896558,3.25120255141131,-1.28078527364358,-0.953870090250927,-1.0165471875168,0.796064206165973,0.575930243710506,0.566587779970304,0.72826323669901,0.009038445661055133,0
3.7179350291800244,4.168042194392229,4.701455563020691,6.221610804463055,3.7146514118957756,-1.182519802757691,-1.2664374103372973,-0.9489812455762816,0.6473236495504139,0.5672986032945257,0.36022983210245363,0.7689301309682173,0.06441142603590923,1
0.765359373018681,6.13199084977838,8.5567821066363,5.79701111982478,3.34783658081009,-0.965364926113002,-1.16642799047274,-1.21604366422435,0.938924622212346,0.822822427595031,0.637311730857943,0.492588459748382,0.01331625176447919,0
4.31167727995593,8.43882403767321,5.04249988893708,9.77479395370812,3.06210138027681,-1.9381311244536,-0.556154748835717,-0.567815506987495,0.0970539755182841,0.301472440111578,0.621973717821294,0.459785480218169,0.02914741262388122,0
4.90243171771487,2.18354578588604,3.99181035717363,8.86893469984009,3.78603223766255,-1.92738802651408,-1.34871794668116,-0.509926264467312,0.95720049234217,0.949873415576913,0.725998363961693,0.582470735442124,0.009488020572726106,0
9.83245780700798,2.54991877351769,7.91004624755054,7.25129462804336,4.36500238930729,-1.70799043066654,-1.51722177316576,-1.13979018547499,0.355513641622199,0.28785735952004,0.672406956763016,0.64001305649953,0.012701944168488286,0
7.40813627357741,2.18451746104781,0.863299541583017,7.21282477368687,4.08370298613628,-1.95321945588358,-1.56949746782737,-0.560986062425328,0.533466879381225,0.135868699219276,0.423413089104464,0.911644458811565,0.014884823698995756,0
4.122189816057477,6.246350253056731,5.099503562822436,4.580550429698485,3.9031636500071487,-1.301292719639764,-1.3552850478684255,-0.909013934494653,0.6990293246548576,0.7626508906021581,0.4704225869534182,0.42642038541426863,0.04106942197644964,1
8.75793138322837,2.43080612221345,1.69230095756896,6.576357611951,3.47761891370876,-1.40612176782287,-1.4375160641831,-0.633981081702793,0.471038430487055,0.454176613597664,0.941431892571347,0.862172868395616,0.01706720254856322,0
2.19168960177104,3.37802439856469,2.93309642618472,3.12607782874602,5.20879398232802,-1.77529635866213,-1.87108740274525,-1.56241022092064,0.786542457294211,0.670881701477278,0.199303924520062,0.693757448419045,0.02399798428483889,0
2.39474751548538,3.49454531186671,6.80431696506779,5.01648425599942,4.12301071683165,-1.38760217791952,-1.02386509135709,-1.71154344755504,0.205103915184371,0.742367786855879,0.809010140251913,0.578993907766084,0.011516828749623523,0
4.98154435380298,7.47481394913176,1.06493715353612,5.97920860326164,3.79436854830726,-1.20883018936279,-0.699793029002438,-1.88574532994203,0.75464188951328,0.775182867204383,0.557502011023009,0.616700064626469,0.028539046983759125,0
8.20571181052165,8.26388298804082,9.55358510101938,1.71593767280795,2.28138812295418,-0.52987934689481,-0.812919275406399,-0.938589500652975,0.639816331798608,0.314528265349406,0.887662013565529,0.978972334489896,0.006067196368938669,0
3.99672556752712,5.61238410288931,5.15905230187934,3.98739823436816,3.93343596225204,-1.144096263404,-1.31153836128089,-1.47780133756715,0.816442715996921,0.522894737409506,0.541736207152517,0.468372061687553,0.010886398044766552,0
3.75052653077428,6.48439077242397,0.88809138947503,7.36572584719533,3.16652459616131,-1.32036156367344,-0.587829835266492,-1.25833319722138,0.438913314377302,0.22676947526866,0.505945404107828,0.84086175462881,0.011270493756928582,0
5.41719676717139,7.01129882102687,9.18876686280617,6.51157908749607,3.96721055060809,-1.05632956720672,-1.36982175423763,-1.54105922916374,0.12334546137272,0.498620946865599,0.813569890930466,0.33104701509365,0.01899948614428958,0
6.31028090842158,5.54467320714323,4.10573477376732,4.17309476367901,3.68827926496575,-0.865257766509394,-1.90721803030729,-0.915803468149062,0.932832027451785,0.42554604441467,0.627123545218334,0.0748968528477184,0.009467501860791361,0
5.880426587893404,3.732452078653139,5.259658672038065,6.863130422849384,4.13885995028412,-1.1038173417018888,-1.4706891538013567,-1.540072888823131,0.3852432521267369,0.7318456573563022,0.42435684867658896,0.5526145536053844,0.07143236728287815,1
3.68665381196027,8.87039321500196,2.29709123121003,6.24023972123511,5.26987444152982,-1.96597595808015,-1.86674773884626,-1.43715074460341,0.919615746035681,0.554083414093625,0.755401168083029,0.795071847569179,0.011659068283624955,0
3.697873028692757,4.499054928807307,6.878239468083015,5.5779812446169394,3.89968713131438,-1.2413302203594778,-1.289685378025106,-1.5980247711423075,0.4796676757778804,0.6227740851329857,0.5741699256363577,0.3785349153558768,0.062070409583880104,1
6.08732125062993,4.22862161449313,8.93384205546388,8.90429165139421,3.41856478921316,-0.994216906060802,-0.773726258376718,-1.65062162477564,0.688291551907242,0.0707746851062647,0.972427694180448,0.813403943660877,0.028730550415958674,0
4.297992626169827,5.942802061060464,3.5948548464262147,3.6209023290135627,4.122180785901794,-1.1462893603717303,-1.3622480683875706,-1.458736129539974,0.21942999632075158,0.6630541860453756,0.8398134869845414,0.37415410073992617,0.048813822420294584,1
4.39864203166822,8.02256075456146,4.86035771565129,6.06853497397606,4.39221165496667,-1.49673761896153,-1.23951196633204,-1.6559620696731,0.368217252515685,0.107221438027014,0.866531996083173,0.89760372710088,0.023535187578967484,0
5.4932530370556,3.69397495021863,4.9772424524665,2.42492567286515,4.14391316467778,-0.66662874904311,-1.65129909086042,-1.82598532477425,0.89644810366957,0.610858371324923,0.307422027534478,0.584260487908548,0.011632435666313282,0
6.58000170575712,5.1897253896303,3.04108553025025,2.92798741620159,2.76792628955614,-0.775578971791617,-1.16188997006894,-0.830457347695588,0.530512826589568,0.249452062550357,0.852667320417627,0.20339506651351,0.015724061392038573,0
7.24101072734284,5.61817396686762,6.32694913434527,4.23179068572889,2.76768520944114,-0.877698374382511,-0.963654408249108,-0.92633242680952,0.385229052258397,0.704840558909753,0.840949017712433,0.597577194659141,0.011309622751423413,0
2.29442647027251,7.2178839159478,0.700662374535378,6.25024878229923,4.60091474136005,-1.45865165480907,-1.40594568311162,-1.73631740343936,0.798692590205236,0.606102000963539,0.66150258352023,0.698770945789778,0.012664636298954379,0
5.6663169592318,6.8687848000736,3.99558730411539,9.86838073191461,3.83057584082612,-1.19881074111874,-1.43296489316397,-1.19880020654341,0.609236939084691,0.319945821945614,0.521065007353355,0.694534802250532,0.009232899942583882,0
5.39986725733961,1.13097425075349,4.99389722251848,3.50533452039011,3.56532866535536,-1.54441220899852,-0.72210098102924,-1.2988154753276,0.63033776838158,0.962996681966223,0.85965360516392,0.600483044139629,0.007726762820777604,0
3.07826047088513,6.53265750715226,9.13042300180125,8.12254987352419,3.11162881354526,-0.869773232779105,-0.683560646896227,-1.55829493386993,0.310157818987147,0.375512487299815,0.111156081751087,0.817227456691891,0.0242597618353887,0
7.00797283812616,9.40918641825739,2.48009697526215,3.86310781541209,5.29450619811186,-1.93247554801563,-1.64097418339581,-1.72105646670042,0.824653206119775,0.772968727291472,0.800098469940341,0.246045884499982,0.009519962427079583,0
4.3822446098013,4.97230699959378,9.14135239256967,3.42642693621678,4.84414998496016,-1.45216240901357,-1.71070979863143,-1.68127777731516,0.89244631894242,0.944584738813126,0.3060885645939,0.87035504484448,0.007462558231461548,0
7.310713518361118,7.0817453260600525,6.852032444487253,3.536048895272319,4.246538612920846,-1.448880528307969,-1.5159478904530816,-1.2053098499331363,0.3503195282748135,0.36802021601933477,0.256763949281941,0.3856239316000165,0.045066639919176976,1
6.55877121128401,2.65251943375126,8.96970885128556,4.03846363709304,4.12022537176435,-1.60336090830868,-1.28743109181433,-1.22943337164134,0.760730781602223,0.277593257176219,0.192016120265244,0.586232433812093,0.00892797479274077,0
4.08868939416315,8.42981290074457,6.3985228128633,6.35305021197003,4.08950389154619,-1.11094758956868,-1.78643780830089,-1.19211849367662,0.902021461585426,0.522792599799585,0.653020220227614,0.330478481894268,0.02788916817224723,0
1.52973105171097,7.40991597314769,9.01208490531148,9.00848603337169,4.45593335386502,-0.770956864976429,-1.92690786723875,-1.75806862164984,0.424344691467647,0.930784635851178,0.842836026610491,0.975304136894621,0.018496486533647487,0
3.7713063455085027,3.873367672629134,6.5829834397659805,7.036586042263577,3.6481618189284206,-1.293344147296548,-1.2000684739696,-1.0842774067987881,0.24939656374291885,0.5114802768204385,0.6182928718420749,0.6080071302237335,0.041345446953572805,1
6.53574645142625,1.40943295220979,7.23961652037964,7.48934911350451,3.00435765368168,-1.2565467499524,-1.12255555647194,-0.62525534725734,0.393450848920966,0.653904073906973,0.922985268310778,0.322903294138564,0.023453039342972215,0
7.05457106024672,8.70599990681118,6.18793764299139,7.05021599862974,4.73197458257127,-1.88804561746746,-1.63912998677174,-1.20479897833207,0.99221498490492,0.576791799612484,0.143562194172118,0.559102967992501,0.028522185466765188,0
4.73036209602782,9.17595317014992,6.24323474338899,4.33226951162621,3.69876328279011,-0.835205698180886,-1.53028861826682,-1.3332689663424,0.713008417022448,0.80159059538982,0.676157232456579,0.54269086586271,0.01413198993365973,0
5.46601148960664,2.6840241055064,8.39879521850031,2.59930480842816,4.37605763966788,-1.31919533903217,-1.81109292017859,-1.24576938045712,0.586157832147599,0.12203047994168,0.527035114394883,0.493076208859173,0.012325880879527278,0
4.31621074757576,4.51479034117191,5.393704955486,9.68548745576348,3.49961200640058,-0.692492786613607,-1.73440987116203,-1.07270934862494,0.05863750570565,0.538214846928118,0.628358325995107,0.500087684776394,0.021906006467681222,0
1.70873388746608,5.67585495179236,7.3979195342742,2.63036249889485,3.04875509232884,-1.56270706556573,-0.593493663136358,-0.892554363626754,0.331199619589057,0.851889648259707,0.568369263199867,0.671412755392245,0.028411461768088446,0
7.05842019555714,7.8437176680562,7.6215472795004,4.32022415920517,3.69754975118648,-0.767466344803805,-1.70840425928697,-1.2216791470957,0.199841573417716,0.629275991134146,0.943846530442933,0.0939923107911518,0.005220094475833113,0
7.48954206359345,1.19479808549141,9.21224136824694,4.57719084182261,4.50141710782269,-1.64704017740847,-1.95835394623108,-0.896022984183137,0.935940658651183,0.349666439972188,0.993208582140499,0.757037207987396,0.006817026725636808,0
9.88809777073929,5.76699606294701,8.61637855925257,2.90315889937982,3.32258409436191,-0.668682375668932,-1.19700014385656,-1.45690157483642,0.778245347006623,0.597608602439937,0.238003829673215,0.0770746941099688,0.01878336053844834,0
6.52305593882472,0.794212183667789,5.83081832311816,4.34731743469893,2.96391828940667,-1.05243885863964,-0.889020843195345,-1.02245858757168,0.430478445117557,0.106621379857505,0.894081747750508,0.466275108938401,0.009512347953835664,0
4.0015357922941,6.29741771710314,5.41095252612331,6.99089759832881,4.04288257762946,-1.57327057194852,-0.506643592251407,-1.96296841342953,0.467240959985959,0.694223983510687,0.220492374116257,0.158802892404862,0.017468380727344753,0
7.85822725099337,7.2248374776592,9.97307731925522,3.17680829362174,3.44314433775534,-1.86176809986427,-0.547834417179192,-1.03354182071188,0.195613285579239,0.884178231328864,0.888711976785113,0.708784971084025,0.008004224948870809,0
5.60953795231796,6.75873002838037,2.47063550666283,8.0052091454442,2.90930324433603,-1.45664599851227,-0.923180487241841,-0.529476758581924,0.679584203158036,0.20746327846143,0.2058164191318,0.85680689162724,0.020279834499915588,0
6.93073230534393,2.52230360849964,4.49826612273111,7.40031907367682,3.76999222402851,-1.59200894802079,-0.60354028346499,-1.57444299254273,0.682631006359527,0.801096701378648,0.960070807714064,0.697409377159618,0.010199147143173957,0
5.97726609679336,6.00612371797762,3.80940811694376,7.33609666316244,4.14893440146192,-1.18432032660693,-1.89764677459663,-1.06696730025836,0.67652839615967,0.601798855056977,0.711569699173378,0.266251156808682,0.015215341852211687,0
9.46274491633062,4.67983742636339,5.29924333376362,8.69442627459556,4.18304415140206,-1.21436441127625,-1.33505959633868,-1.63362014378713,0.803243744759216,0.314637250552366,0.485403479733566,0.144083391983113,0.007829900705801422,0
7.58551894307423,4.38834688955798,4.79173433980896,4.7813147758065,4.00900601785732,-1.86554535250848,-1.27200375045238,-0.87145691489646,0.0579506281648204,0.887101460779663,0.718501783124891,0.407707309383668,0.017612955356440526,0
5.39220175631761,4.13321190679312,7.00398567406258,1.2849236418459,3.26249555482924,-0.798468316718622,-1.65345559637838,-0.81057164173224,0.461383207536344,0.622870982479139,0.751414904918523,0.228357746136883,0.01435845304571939,0
2.12267494702333,8.50684842122454,8.97612279994484,5.29707167240484,4.34203518700304,-1.56490020996771,-1.95474585223085,-0.822389124804479,0.634925613481944,0.263570187917588,0.629958432780895,0.452077337501,0.011269164613701574,0
8.89048602410834,5.64556053231366,3.15565967986292,0.642750976210053,2.42744308271766,-0.629513968443719,-0.942476092442067,-0.855453021831869,0.973431328947648,0.889784602931481,0.057962733319744,0.50450405098326,0.007449421606653018,0
1.35453668837253,9.30866563219505,9.83098475201327,1.13713446395349,2.12860378795032,-0.616052480003191,-0.545767026651196,-0.966784281295934,0.976606725960702,0.77286484092175,0.875887917832042,0.238973831076411,0.029422789423479236,0
8.6231580651544,7.79401235448633,3.19830452944761,3.00483127484999,4.42676543398458,-1.50493548691034,-1.41145294635958,-1.51037700071466,0.381690264112056,0.939381248426152,0.382779597328017,0.897369094098337,0.009872715498018967,0
9.60239269560786,6.27736235688266,9.86016839232192,9.94173092315466,4.86066888755836,-1.1969236852847,-1.81882985847358,-1.84491534380008,0.296478124696732,0.861759915227724,0.625081955512323,0.196658034379675,0.005061145768029086,0
5.69530047138111,2.62381877764779,8.42927225746324,6.57980144476044,4.36106143967304,-0.58517679226927,-1.79665026518877,-1.979234382215,0.695259561681874,0.5441570465197,0.908391714402118,0.992770423708062,0.021576420952168354,0
2.66418359462797,0.643987489837711,3.49637339529037,5.33154540260532,4.82006089678462,-1.63010882765303,-1.36128335507601,-1.82866871405558,0.875648246143066,0.463000515134594,0.906731005848719,0.980464619979672,0.017913425568312397,0
4.78576467517384,2.30536565731337,4.32134529928992,8.32287138604051,2.66103039252714,-1.36662329520066,-0.598149504234269,-0.696257593092206,0.520094159427601,0.50244812499048,0.166645713453419,0.841648403904681,0.017791143278673684,0
7.059156419123416,4.3395343844858845,4.729088663958669,5.75528943908419,3.783597925790281,-1.2020334253081646,-1.1280084384404387,-1.2229398105904805,0.5375812679077431,0.4607296593431132,0.61699787242776,0.4130843698984444,0.05214473053396744,1
9.63151069336113,3.9943975987947,2.7570709335974,7.82134717966738,2.51475475557136,-0.96632962461469,-0.649914753816975,-0.898510377139691,0.365246003513273,0.587557552268978,0.889118346250321,0.818391325721737,0.020341116780189614,0
9.52329187035252,4.46039458794171,6.73439012973956,7.48277196920182,3.80650409975191,-0.710383017480024,-1.69906856351388,-1.39705251875801,0.368414359888456,0.372399698279293,0.0931869586841168,0.898846668798052,0.009122807124026855,0
7.24452273561031,5.45822668926347,9.65202920852712,7.9963510580629,4.00900582559786,-1.29040027752431,-1.43110681084226,-1.28749873723129,0.22366483141558,0.918667455682589,0.759789196152124,0.220962301805673,0.017127330164864236,0
3.45301701304705,2.99591327064406,1.23366196689196,3.1853648740217,5.60537320368492,-1.99723645495687,-1.96779580287475,-1.6403409458533,0.795353901845563,0.699176122776334,0.716414597098761,0.234830892279055,0.019832965122601735,0
4.90662245882613,6.29407799664262,3.19778967390893,6.91540287778175,4.2143536212248,-1.16873983575056,-1.94104730798185,-1.10456647749239,0.902160967437983,0.492242894572861,0.520723172521538,0.845167329154722,0.006075659361936143,0
4.124423741072313,5.389242861571557,4.662560638596086,7.46821924915008,3.9529855718925,-1.15333574970842,-1.4390672092634784,-1.1998678510190188,0.6006462297513612,0.5353772338217698,0.3603718451950907,0.34470148575640014,0.06907863124837557,1
8.88839471070602,7.83080707886117,7.36577773215472,8.16777443035043,5.10698993693189,-1.98539853627036,-1.75923282855485,-1.36235857210668,0.537704146058904,0.0575512385772099,0.499753457709604,0.256060686128506,0.011110392594899002,0
6.313968854550773,3.719574985366656,4.48158487978667,6.575438097202699,3.4449740937532383,-0.9441548794793396,-1.0502577194169,-1.429511035475486,0.5590190766039371,0.6923496084645518,0.6863649425512377,0.39907105295582135,0.0751345163563596,1
0.941709650435217,2.99338430670646,5.97925272320762,5.3543269469276,4.09349590110243,-1.83423451979716,-1.32480292622233,-0.934458455082937,0.306008413995238,0.753819793218134,0.545648488420681,0.752080739481165,0.028343753166619128,0
1.02322155533049,9.94215977543274,8.52597600180964,5.03758299984738,4.6946635623589,-1.17923644649511,-1.92621992402618,-1.58920719183761,0.674261210475573,0.488825985233297,0.39529219429296,0.688037848292933,0.01892328905976631,0
4.581329835800682,6.967358828466402,3.863463049427439,5.807621915999292,4.703087032201942,-1.5741956933199315,-1.6207913097352846,-1.616049179724049,0.5234153480835633,0.6056627148227204,0.50546806431332,0.4757588744618767,0.06673413532863555,1
6.07711162622087,1.51192534400014,5.03793512269877,5.7600153076623,2.63161224532222,-1.17834593941721,-0.520433529294375,-0.932832776610635,0.465208155228071,0.0988266173864156,0.549837189181175,0.676692568719883,0.01792296629531522,0
2.21312116956603,8.89854781885385,6.51099236454099,7.72335745191466,4.38421571420432,-1.57130635944207,-1.43631438399174,-1.37659497077051,0.265682058630553,0.583063527219351,0.430144345249946,0.203133274756302,0.019567243327217994,0
7.22692940373966,7.30390008997708,9.52846757514803,0.600750464455702,3.59553922458465,-1.00437817177394,-1.9927094834292,-0.598451569381508,0.187492968330944,0.349737785457515,0.929855313424047,0.335234162379201,0.025727272983730724,0
3.77996111282774,9.98311903075476,8.14918488846016,6.8153447208409,2.71178986684185,-0.699487883024034,-1.29319483835613,-0.719107145461685,0.549196912859448,0.806740490881653,0.218226113020408,0.778493765709169,0.018919631989307482,0
7.08258485536992,3.43178922427351,5.62466139366431,8.02090143891139,3.68119896855096,-1.89994740122934,-0.704799533043499,-1.07645203427812,0.356085351190763,0.808785948386752,0.362944860896447,0.312831455026903,0.01742995828579786,0
8.7038891127242,8.6307271050548,7.50366426351222,8.82302178533843,2.84226672834586,-0.990275558021327,-1.33108189901717,-0.520909271307359,0.689220227190021,0.137136664426536,0.763538604771253,0.403327587782296,0.014941536748594986,0
4.177420181752819,5.816612123062712,6.340801319595607,7.143191182172988,3.381592972886604,-1.1004770104030135,-1.218622776452741,-0.7342753033149264,0.38208240367063007,0.6444743406543622,0.4062983407745363,0.4639566439169225,0.030210328832975617,1
7.31679941430241,7.00332910582318,5.77360056820299,3.6157861667284,2.30650186550816,-0.569369267081621,-1.15979068466753,-0.57734191375901,0.810250933664128,0.17973370097803,0.283637541208968,0.93858492828374,0.02488341045474516,0
2.19658922655912,9.87157709827293,9.57929081161211,0.762849004355015,3.60569414078635,-1.71535462834233,-1.15890999799523,-0.731429514448787,0.0981218378180987,0.666540793331148,0.786688857566539,0.843487237095087,0.02838458190824165,0
8.67783899172525,8.85304209631559,8.70693957920888,3.63932163237315,3.15866675185796,-0.539156447747862,-0.835645465808024,-1.78386483830207,0.534976511129128,0.695570801992372,0.137155676070192,0.910134457357608,0.029352841220043027,0
9.49875977276241,3.55470377499368,9.25055318807815,2.40191603367443,3.89412122308292,-1.15278405659482,-1.8633431973926,-0.877993969095498,0.0831584656460083,0.486824659764366,0.887797307779904,0.54343622454859,0.01762770446986235,0
1.704938789591,8.83265178807945,8.9069394730164,8.5585671365994,3.59311875815786,-0.572169317750132,-1.87683249012755,-1.14411695028018,0.55171055742441,0.635220761587505,0.636311372041829,0.175240945775468,0.026369909202541834,0
5.0734541276162695,3.6312378869302484,4.848281923741017,6.67063641307172,3.3906126485581902,-1.1716101855377794,-1.2427401029468677,-1.438195258961836,0.6655096796725288,0.6507816829738368,0.5838599622325575,0.4486964095974334,0.07443933376375884,1
3.15400085028764,6.84523084282869,1.74868239551072,9.55039718994066,4.37936426939032,-0.824943945359438,-1.6427545609366,-1.91166576309428,0.75293753071934,0.41492850173965,0.34104352095533,0.889758591564631,0.0051786345291267395,0
1.69091255668722,4.73253582962245,8.05136021305028,6.44377484575828,3.96289336863784,-1.70732344066037,-1.19284865699252,-1.06272127098495,0.641017843972173,0.986174846134952,0.550601597952604,0.872293632313771,0.017121885397861702,0
8.89609008118283,7.24745224933567,9.82903015118294,3.66850561081448,5.11370229594464,-1.75941557272089,-1.84498101703783,-1.50930570618592,0.137809108797442,0.428285877469223,0.504036488440104,0.245803993051442,0.025991959342344113,0
7.43534169498805,1.56940238357211,5.73600213315742,2.84707457516083,3.1479547617027,-0.509828524972394,-1.68971637602348,-0.94840986070683,0.994498084480118,0.0696710748272727,0.729936094634184,0.915927026090005,0.005321360164384402,0
4.02688375764047,7.25315233045722,8.51666263720094,8.79331236524688,3.97700570615925,-1.91579827248299,-1.26936193818669,-0.791845495489566,0.242882925026732,0.674183766178023,0.399462924154932,0.22247738062799,0.014698678383197303,0
4.86841049295865,9.49459326154207,4.98966979941005,7.96446944239441,4.01058714702943,-1.86393359887742,-0.84648345811764,-1.30017009003437,0.672077303422997,0.959827214751164,0.572276504517856,0.873057687695781,0.01271775598032326,0
3.916804620857679,6.708872263624632,4.139396385039494,3.593131646643306,4.209001380189898,-1.35314116322565,-1.1538204108761243,-1.3971157022151255,0.8233246107998594,0.40814979071038965,0.23524519760414345,0.6112335410155478,0.0596458410431463,1
3.50174250997964,6.01454383690013,5.71738980585702,4.34123430435595,3.17095970403826,-1.50919506543953,-0.93023811149745,-0.731526527101279,0.7286075257566,0.771809732272456,0.143154524529708,0.0896615696038131,0.009821252051369175,0
7.60972063329418,3.65363084848217,2.33635334956116,3.90010108822581,3.02869111610142,-1.10650918741928,-1.35204652999007,-0.570135398692067,0.846792219404409,0.561963305394291,0.996074245557471,0.978092936785205,0.028974282722141587,0
4.74657706684647,9.58381476110261,7.01263394790549,9.24874361287924,3.43772834519843,-1.07698611399638,-0.914525183921587,-1.44621704728046,0.776250536859364,0.486996214400226,0.311377544905591,0.424626158574199,0.0059289570535026185,0
0.535430882696342,9.32443256978699,4.67140643748775,5.30091316851953,3.04554793063011,-1.98246918228621,-0.504731259328825,-0.558347489015071,0.111109571036707,0.893419731590715,0.14899355938049,0.235642555946672,0.01091006561272876,0
4.30991351360629,6.273693488454266,3.7514086150122794,3.7130603183856135,3.562578229873063,-1.318541880330533,-1.1955012398844513,-1.315065912334908,0.4375000707642409,0.7115526099660916,0.5606884123340963,0.5973314507587336,0.05522435420059067,1
6.871762747726965,4.696326812725047,7.1021651189053685,4.0777895598323814,3.7603784403528095,-1.6284869573994734,-0.9113161522156259,-1.29738628208353,0.710512344436293,0.5172564486747826,0.3452234647511095,0.6773937880113834,0.06125433982652337,1
3.8576301429927318,6.791417888460381,4.762081928206786,4.917055537372122,3.416831048873126,-1.5129569656922004,-1.0057592424639095,-0.9189512331949891,0.4172672911319229,0.5346499023746492,0.43784264369017895,0.5269597172907512,0.05313387160524319,1
2.05392800242536,8.5081314962681,4.01666094615888,7.32663433155443,3.04112331542152,-1.09535238291451,-0.989356223248073,-0.956414709258941,0.230609667449449,0.872356754929845,0.847995697539158,0.968899726555231,0.006463809649200868,0
9.49464127210586,4.27583378246755,7.83936313325992,4.44319551262116,4.37755082823221,-1.96359232443131,-1.35286913931497,-1.06108936448593,0.775769437045485,0.948218125147128,0.866903512933173,0.647377762278437,0.024199994595641747,0
7.03124488480671,4.76647054467462,9.51402352691354,9.34658569701352,4.70623362629669,-1.31541037574668,-1.68183335308841,-1.7089898974616,0.610102081437631,0.511122070669755,0.312265732842811,0.227089508255671,0.007423765157588187,0
6.77532310962017,8.2156516566515,6.50775642365746,3.0376965834987,5.04090656114037,-1.68925605324886,-1.99153739449795,-1.36011311339356,0.208128314286082,0.91228661558084,0.291222044949386,0.0526142091767711,0.0176770072206335,0
7.51573708264038,4.74069371032651,8.02923363095794,7.65028768532944,4.12221244709225,-1.35287439324376,-1.1062099542496,-1.66312809959889,0.884038925085589,0.631288159401328,0.306621288233729,0.499563690700969,0.02546987182039135,0
3.315544525749,2.27819394041552,3.94809249009937,6.35093297757123,2.90405416965092,-1.57318303298162,-0.579446781784529,-0.751424354884774,0.260947472663127,0.597836374561638,0.845438915419711,0.767143919772778,0.024325841949589623,0
5.45565908521804,6.72265914975768,8.31782096385617,8.39269742703345,4.05389799774156,-0.961444783178507,-1.88404147374254,-1.20841174082051,0.432457907284398,0.506045631014538,0.746549371306234,0.214118341243475,0.01057516209180989,0
6.11287007411147,9.8140127607831,5.41257479260163,6.22525138679104,3.66274920440304,-0.776592350882792,-1.23863061274289,-1.64752624077736,0.535414133475337,0.782021128310832,0.0595146412924433,0.152783684516253,0.006823939068293326,0
6.82626317078101,1.97423063656414,4.01913439660006,8.47591820111712,2.61966646471897,-1.18445929718667,-0.522941973152955,-0.912265194379341,0.840013963070872,0.374546528747823,0.218385900382443,0.686972476906666,0.009646163219139883,0
8.22791836072615,7.17871145907014,9.67282476065245,6.12796917019753,4.38027785420073,-1.90556139227217,-1.87139735104281,-0.603319110885751,0.213959663364564,0.24776550469234,0.289346560987664,0.490830004217282,0.014089422763422798,0
6.21770489558684,8.23967435310763,9.96213920989129,1.50822122216878,2.86513531874982,-1.18628329310816,-0.680729142760311,-0.998122882881353,0.122092493948173,0.133525927558966,0.929035483164655,0.285886977072242,0.01964237641016906,0
6.910543359660933,3.873979726110791,4.124187714166477,4.68351166430516,4.164899149962428,-1.3066562679704374,-1.3387018154078498,-1.3859607704228103,0.5219528487928202,0.7267306226327707,0.34268930185152485,0.68109893270518,0.058655326514124154,1
6.64312515377693,4.66285090079228,3.77640829200464,5.61820532607754,2.52258362234415,-0.601012967317551,-0.818079544674989,-1.10349111035161,0.702192531591952,0.278811082349807,0.749802611137773,0.987685741454851,0.026203058426413184,0
7.72569964342745,7.74894828104146,4.22990422331516,9.25397451153476,2.70446344986783,-0.538219827737683,-1.02632512185666,-1.13991850027349,0.692406623198884,0.219832308177077,0.875499504443539,0.541093913772666,0.029654761190478895,0
4.80514422344675,7.63733501933372,8.27420884115059,5.69933314390752,2.93172813756134,-0.682721376523282,-0.559503245479346,-1.68950351555871,0.572092265235246,0.403185475065563,0.534214194454494,0.335307591398008,0.008570989214748026,0
1.34700197448852,5.76207529366921,4.27047833306255,5.81941865685935,3.4995679147618,-0.806165587681613,-1.54289261968984,-1.15050970739035,0.436891419314166,0.940676371343357,0.0565324271518178,0.556588351901745,0.01180814499945019,0
3.91379940147314,3.6908613706769,8.31730783048728,6.32608244867687,4.00125981182693,-1.5446747149446,-1.84044292337756,-0.616142173504771,0.0568303564578132,0.971333735589043,0.353602884580338,0.521780902387261,0.02783900289292955,0
8.37277510874347,8.35040205784739,0.825197482299479,9.66429394277494,3.23549672724347,-0.834858381501562,-1.69371901614893,-0.706919329592981,0.131686553004981,0.324148313624625,0.133872244363356,0.554876034564163,0.0053148737305195185,0
4.083773164905168,5.270519590627922,3.94062004307707,6.75963348604205,3.586285240039545,-1.1918077009566816,-0.8791490791919758,-1.4771862986041089,0.45749587296642996,0.671046391589732,0.6608297423320565,0.46742553205229953,0.046069923595379605,1
9.42068244637654,2.87621560585718,9.76487084740425,2.78602253638217,3.21587154881505,-1.21637154159073,-1.11649581949108,-0.883004187733238,0.826378587829409,0.135888343401747,0.728037760196267,0.399485961235794,0.012460040704467785,0
1.37645313464553,7.16078547324624,9.63836817235617,6.29835748969066,5.37877358978101,-1.88374277469466,-1.70549170551118,-1.78953910957517,0.354359682962154,0.730219377284851,0.31742423610969,0.346800588455377,0.018545585856401047,0
6.0605506944904,9.58229540851066,7.22088315381772,0.967163243552856,3.81610547769234,-1.22820120680045,-0.7950860607674,-1.79281821012449,0.859965833654049,0.682905007343303,0.720279920501504,0.690455574079135,0.026945611820924975,0
9.87556890463477,3.08302328144911,9.45260161146382,6.95691210638247,3.92717622503775,-1.57091137040277,-1.41943600504505,-0.93682884958993,0.662652725273394,0.537081714069697,0.337927227450602,0.578940843915784,0.02526126492192589,0
4.57611479038817,6.29149589855381,5.30028857118323,3.44230625886421,3.28237559533425,-1.98507416782957,-0.571703670046968,-0.725597757457709,0.910720051605316,0.687581626869865,0.553704125089567,0.288528272116844,0.005289158199623327,0
7.06163388210981,5.45357649658483,5.78397574574496,4.6422127517389,3.29157737477071,-1.08762407048602,-1.08866253495422,-1.11529076933047,0.636003589741206,0.765236956121901,0.328017463676413,0.568939185639529,0.029755103739985397,0
3.9118806800890975,3.5540190698688243,6.953196028291435,6.390411284689612,3.7668779776992194,-1.2537384309471409,-1.3980982311881784,-1.1107313412962028,0.5882196192560267,0.5928784802515962,0.6667749339969159,0.5474161119341735,0.03426652066657883,1
4.5425698033339,1.48701318121927,6.11591708269037,5.30227912228374,3.31767471324784,-0.568967540047143,-1.09235899954099,-1.65634817365971,0.279099129421478,0.411924522736861,0.963122614780164,0.486511957783665,0.02728666307469537,0
7.48230400402552,7.74811045933977,8.93032902759534,5.45009437371392,5.50823018055704,-1.93472115534195,-1.9336676930438,-1.63984133217129,0.0533531269231392,0.424516185928545,0.477217669457465,0.68254279839789,0.01608968209856607,0
5.88204346621479,6.57280096566089,0.789880576909683,7.76772608335586,3.98697963628414,-1.50427002074562,-0.875855027396663,-1.60685458814186,0.297106327506629,0.395546288840112,0.340291573348561,0.864950450752984,0.0145198863282964,0
4.51054752967932,9.93116656685296,6.25821187733603,4.04183428144782,5.75270604246083,-1.81636807756798,-1.99673982454629,-1.93959814034656,0.863819474575614,0.330249459884546,0.802834469612411,0.499209259791851,0.022390819929222802,0
3.53810978463213,8.77266347533783,8.97393000976781,3.57061854143467,4.59916160782239,-1.28421171326631,-1.93374172197689,-1.38120817257919,0.0608302796951134,0.740096358818351,0.725052095500171,0.57721289634161,0.011218672881087195,0
3.81112135870624,3.79018397953494,7.46954260104346,4.50254427837866,2.27215646362372,-0.985788030241174,-0.590207819636678,-0.69616061374587,0.414006510143381,0.333379411129032,0.97258374057489,0.0585001272164122,0.011047575372467214,0
8.97673727925597,4.95134432418437,3.98779900141384,0.613272242750228,4.82819715070533,-1.8506131161788,-1.86583998579552,-1.11174404873101,0.996162285921751,0.242548223601048,0.516008912808311,0.523275547768065,0.024873767147098484,0
5.33497049049025,4.61724089287528,7.45674184142981,7.69665378966633,3.05934281009888,-1.39669267328798,-0.715979964210745,-0.946670172600157,0.254004003246471,0.782379517214185,0.228786156993136,0.962215705738375,0.028676291203039692,0
9.43438679067921,6.36043808195214,3.17575133766516,6.10383507188167,4.78174465577948,-1.29698052758384,-1.53891529586118,-1.94584883233446,0.965455827552491,0.166238501479039,0.227093072113051,0.141105195889059,0.01759630945453001,0
1.79691617861214,5.35063097658652,2.78457100930541,5.39779428289242,2.7653916147193,-0.820788632461778,-1.00167182603349,-0.942931156224036,0.883734199422269,0.656154108624769,0.0637993385094637,0.794407092477881,0.006369441613755393,0
4.391855606831811,6.725277938941561,3.7473361209640323,3.651893830965709,3.269082225184435,-1.2912462868166432,-1.1054683558333147,-0.8822369387818046,0.7157278460049673,0.40429294318369097,0.5214345944132528,0.5257018100503242,0.027221508603655836,1
9.97041327098946,5.96858182069508,2.34262311605545,3.08351606695568,3.77210823521175,-1.54606253899677,-0.964770468901214,-1.26127522731377,0.427141832760229,0.972374602542913,0.38736759983562,0.903835773038351,0.02687335625114068,0
2.68014044449936,9.31230261179823,8.91961559424788,5.39923693441103,3.86620702824524,-1.91454345605131,-0.579847125950409,-1.37181644624352,0.725803130099204,0.981729885051467,0.504248136869359,0.843815472598723,0.02708667149264566,0
8.49533079429523,7.60695159285755,3.21793917443621,2.42866207966625,4.6260980168808,-1.94088830286312,-1.77245056067172,-0.912759153345961,0.218724342470259,0.854847472086123,0.209914368643421,0.698561285457029,0.009161420614665648,0
4.48313150587237,8.09541420777425,5.6147854254606,9.96832363153417,3.43462807708023,-0.881601787772251,-0.704699886327016,-1.84832640298096,0.899992056221258,0.731067566712609,0.206632606102236,0.517663886329706,0.014467715447487671,0
7.1639937385071,2.06544196710113,8.54527481484254,5.42346345077298,2.37692037780981,-1.12531072969089,-0.519572831041564,-0.732036817077361,0.200017642021839,0.271251714743201,0.49812379931013,0.797884913821076,0.022002795584530464,0
4.81485963518003,1.52069425076491,8.98304134704078,7.18874665970274,3.07616902081913,-1.31241511278725,-0.862491819283017,-0.901262088748859,0.511124827670685,0.307740305819863,0.601451650068639,0.16771679267025,0.023816278429410545,0
0.757934971548873,9.46204213826315,8.45601586062615,9.51703818202618,3.30205346571731,-1.0879285317265,-0.816943886453391,-1.39718104753742,0.923168338865115,0.675425934949287,0.662822180711404,0.364119405126126,0.02158659116553853,0
8.59383042367758,3.65171852435396,6.77879968711527,8.03070229319662,3.50595968025644,-1.08152937547613,-0.61070232167287,-1.81372798310744,0.580441585932156,0.4406306982429,0.508094215247126,0.910584307573265,0.029044493569558273,0
3.30934497738358,5.32886136828733,8.21894376958354,4.25521279811147,2.27013064845357,-0.647084754209907,-0.987823506992054,-0.635222387251607,0.408899328942331,0.349330710857587,0.73902414004046,0.095256232603658,0.015669790335967333,0
8.23421911818654,8.83525617171532,1.59934544876611,7.62040103067845,3.98096002530882,-1.65465562641161,-0.600065552451671,-1.72623884644554,0.812149886893758,0.143850509502519,0.980108942415168,0.654095210241171,0.023064719051671376,0
2.26663459929808,2.61331761868261,4.34105630107963,6.79961630150481,3.3202204858469,-0.545428426803811,-1.91303608558978,-0.861755973453307,0.0798414375160285,0.76051335856687,0.920034656561357,0.514706815791741,0.026254950689376326,0
5.85221049791031,4.00514769228406,2.45383573173472,3.85051415665963,2.69391748331795,-0.946882818638068,-0.899172725520784,-0.847861939159094,0.0957768288483296,0.360589119412057,0.67993500454806,0.958618130348349,0.024731478227385886,0
4.997935162075421,5.704785241472025,7.5301686782737765,4.062724977957292,3.665618360761055,-1.6166430322605558,-1.1527899718500083,-1.243720078674675,0.4591592683306474,0.511307039852365,0.32149983308035324,0.5460988690284543,0.07910580798502323,1
6.66255593619278,2.26087447863795,8.8407327537869,4.53167363572122,3.85079231368935,-1.63914582208191,-0.741797874340869,-1.46984861726657,0.956824917719682,0.316864539077755,0.674255432277321,0.264833304428316,0.012015817432396714,0
6.38082851996945,2.6841177761429,4.0787044991769,6.79520806063506,2.16175797661159,-0.789297453209199,-0.747951393148967,-0.624509130253422,0.488717920674739,0.896150369277963,0.694673478941133,0.240787643188237,0.01919266441749054,0
5.36231875922676,4.29036434086969,6.19520088678703,5.46101497963076,4.87325921120419,-1.62798663384316,-1.72211754389602,-1.52315503346501,0.414145013265626,0.44006589744156,0.268720940112208,0.547135608053734,0.02941206420735443,0
7.74175097831471,3.5998918977324,9.77541345311714,5.97021487469687,3.3095986030827,-0.997970873132453,-1.24529295151692,-1.06633477843333,0.512800164419234,0.981654414573904,0.556917640577429,0.0928451882664394,0.011611001030830435,0
6.72516452024373,4.44122752251341,0.852099662336067,9.45001558733795,3.65180063119826,-1.02310030453954,-1.35086407914564,-1.27783624751308,0.786081628426527,0.429406916272875,0.553540972084594,0.855650220813087,0.01931009857713618,0
8.7103060013378,1.31728039840477,5.78042668017106,6.36284633303743,3.85854656822579,-1.17534801988133,-1.69282057029557,-0.990377978048893,0.996433359341426,0.154183210553587,0.909438499364096,0.981383468404192,0.025434969214561048,0
7.81986128038354,5.50079786942685,6.83925910858257,8.24505886403064,4.67716015947388,-1.79387698971855,-1.1945318170992,-1.68875135265613,0.330017175601697,0.807726046952202,0.987057707897845,0.280513381906542,0.011523205903637632,0
7.16686270216242,3.6597238573609,5.43771091853168,3.22591754765169,4.61008857875713,-1.83759359865654,-0.833068416618905,-1.93942656348168,0.485295286959266,0.0752253341397038,0.631847766164859,0.694331485663703,0.007973112333117028,0
3.16912989644044,1.76310698421574,4.88653481138354,4.12775321139846,4.67021490780674,-1.8313669423118,-1.73122892989167,-1.10761903560327,0.0512535186033277,0.64082835880027,0.652323510725825,0.919405296099741,0.010189963657404051,0
3.91294159194285,0.628043528173876,4.49079783423786,7.93033475469278,2.69978174992375,-1.46640749473346,-0.62243711800098,-0.61093713718931,0.562659507630925,0.162097995382968,0.869378389036076,0.668350604695515,0.015370318380829452,0
6.20557754645663,6.52282948565924,7.31252796542082,2.02820570900891,2.83515133992867,-0.648536968587164,-1.54786049019267,-0.638753881148831,0.879769601188478,0.608148573053201,0.170082017973072,0.451696685311678,0.020121787016289604,0
3.42679982681887,2.88871124154276,8.62065694305956,9.68764249594124,3.9960810665595,-1.26742947625649,-1.18353028388916,-1.54512130641385,0.680658513404302,0.74375847200172,0.994885395699823,0.435476192390381,0.020229024287344306,0
5.14433564932195,5.78198344311025,6.51397498439179,5.12665379437049,4.88534830425151,-1.95738748126143,-1.38756570129517,-1.54039512169491,0.0995675347354147,0.495206199369905,0.869165228688357,0.498680609928672,0.009946031789934136,0
5.92443262287142,3.28895749669323,2.96179270687184,1.52772534299665,3.42090489306363,-1.18240700197658,-1.15392766178773,-1.08457022929932,0.655304543376009,0.147585272307856,0.796644056107948,0.930641039109145,0.007251288364888871,0
6.44985516236275,9.34028990160349,6.62020477181049,5.57522625428448,2.69055644807895,-0.917334279419284,-1.26486884105887,-0.508353327600798,0.427884593470374,0.673763341934421,0.774797925658855,0.0645796979536861,0.02491113718117893,0
3.922510160444681,6.250887020417478,4.143549957993185,3.739082174641332,3.407213885098483,-1.2854842264788482,-0.989161385525722,-1.3430255381498644,0.7983763789326851,0.45739672018610184,0.8862235021992295,0.580067865879172,0.047842578016714404,1
3.46700549742379,9.11668438985511,3.04155878512678,1.8266850541984,2.95559373383696,-0.790744011974649,-1.63930760269696,-0.525542119165347,0.906188903776696,0.503722569314979,0.955961445920531,0.681552481029063,0.02186237604572504,0
3.83676081321808,6.51383581252535,7.67930588605704,7.33460236645897,4.34845537932508,-1.46153186250515,-1.13651896820356,-1.75040454861637,0.724058424181612,0.666138384942821,0.557750166250217,0.0717701535052888,0.027800976925022553,0
9.34168114264875,4.02935892933086,4.84420383975581,0.919505721265066,4.49780311535527,-1.84870335331785,-1.40347821903919,-1.24562154299823,0.817375355127042,0.799490617499698,0.349764708676565,0.57576848301176,0.0223468083024047,0
8.08128652384571,2.13649281788188,7.1099565444775,8.45668070425491,3.75177153194638,-0.745758392955747,-1.5723649868999,-1.43364815209073,0.698476737848248,0.271411521334533,0.449851274253646,0.406449169496651,0.02136367801482323,0
4.00941282003361,3.75614995607579,5.86828976906972,5.73011122790939,3.83074827548012,-1.38623352960576,-1.4424814308853,-1.00203331498906,0.0725375485837145,0.617749759046162,0.424954543858276,0.696137693038248,0.027312348047942657,0
2.41648854504896,7.59199562688919,3.87580110378104,7.54379046681871,3.01149967639065,-1.35892456967195,-1.0875258176816,-0.565049289037101,0.355940455010852,0.693880773901681,0.711097758730798,0.59768926319328,0.028553332363843394,0
7.32863840469139,2.06647512565432,5.79828892350292,5.78407336733015,2.58693490748517,-0.564305117720785,-1.35141891435435,-0.671210875410039,0.770133194932502,0.565140618250482,0.696012126469149,0.542301894173269,0.02505134942932209,0
3.33599630596432,7.08829135822783,1.73309324951579,3.65886326062861,4.25548193420288,-0.947974816959281,-1.97258706459837,-1.33492005264523,0.61977753344917,0.43664305830995,0.290835709928757,0.974643276871446,0.00920184040322469,0
6.95297629378297,2.64994056528028,4.81263840513566,6.0385050830846,4.3820742053416,-1.71823222326693,-1.04522345946007,-1.6186185226146,0.891955369089597,0.97428766730282,0.765071785415763,0.270666058790655,0.00785881335332801,0
8.72265013591351,9.00751165142696,4.47722368674112,3.36283221613816,4.38904640043683,-0.786480879610823,-1.64760628034793,-1.95495924047808,0.214501143145486,0.25521376441106,0.82583893898606,0.883806381761758,0.008729015082434097,0
5.6850988117780155,3.640577854220625,4.560650876529447,4.09593113577761,3.263258375279789,-1.196989402584181,-0.9255814473264945,-0.8450148270201189,0.5132224142734486,0.6341443578765545,0.680872574617198,0.6143838842418657,0.03015230771043662,1
4.27921330523891,1.46850968632444,6.62341176644319,6.0506315162802,4.55462038953246,-1.99311308952987,-1.1067110471437,-1.45479625285889,0.24348809576289,0.905472853314949,0.49331311498782,0.773545597128107,0.02787300667361257,0
5.40024330262397,2.12997840522836,5.30873989534636,9.09515809178091,2.49586685601657,-0.913237519811513,-0.780329035613395,-0.80230030059166,0.878224506966795,0.897287449841633,0.397893650830443,0.293577907905859,0.026198730705140606,0
6.30134952658251,8.69914296631541,8.9259560019547,2.29152738242971,4.350455475751,-1.36913433787569,-1.41015701397955,-1.57116412389576,0.158706464365778,0.903662958825082,0.129574638739394,0.691925860524169,0.026383420084879008,0
6.71224389769671,2.86480561722321,6.71319293435399,4.26318736702774,3.11910273376512,-0.74681681834266,-1.77270506784979,-0.599580847572675,0.264959907414144,0.565682480390868,0.517856204812473,0.854004810693369,0.02771958276995605,0
7.33563383594531,1.9304117454174,0.684690425337711,7.96811906025327,3.65207283947737,-0.893380212308909,-1.61798111819715,-1.14071150897131,0.853768223989846,0.659094812032162,0.214110053241085,0.395752674276316,0.0240004969005138,0
4.17994243440056,4.7475668994578,2.22813791335665,1.42635577258378,4.3568301996925,-1.87135920121649,-1.01818494277042,-1.46728605570559,0.928947710513364,0.654029290720701,0.0888839871539595,0.899899520484791,0.016649172273383483,0
6.5002081362017,3.76975473047729,4.05140367468396,5.63385518965344,3.42680747208647,-1.05982383833406,-1.76054093758828,-0.606442696164129,0.59240406204737,0.372750436618387,0.329306991127697,0.198811307329097,0.027136371794916198,0
5.52723767892109,4.6056655529866,5.35654820321008,5.4939992178545,3.13275964053244,-0.694729782212619,-1.18942464516377,-1.24860521315605,0.690851392876303,0.120929151552636,0.432076475207661,0.613884086778821,0.014168312685319744,0
8.5853507011955,7.80177563845519,4.99289215731311,7.92891510127244,2.91843082195055,-1.07193267883492,-1.15905860731561,-0.687439535800018,0.540795082236219,0.908333971946971,0.171074585692581,0.723833541954755,0.006823033750978659,0
1.58917981967402,8.94229409263144,0.749390960714535,8.74190190106487,3.55703694602171,-1.1380581720262,-0.543555810930871,-1.87542296306464,0.493543655657783,0.977763862881936,0.414925379101329,0.486823650753632,0.009985226871277262,0
0.871811240096029,3.53357900904592,2.82819628242342,4.24121457039617,3.66447596477524,-0.736209753333032,-0.979164161200845,-1.94910205024136,0.525450947927759,0.81798085709938,0.696817100456273,0.493626368077826,0.007952603873904718,0
3.0856028637531,9.59848117255288,5.71124748681986,6.64262808202729,3.01864853254996,-0.800330234279216,-1.60165294606049,-0.616665352210251,0.274955534356227,0.738367173184377,0.533117299137865,0.723905646655361,0.007361821468994157,0
6.50245656784875,5.3569776301284,2.12084201643163,8.15936161704129,2.07047012281779,-0.561869485802285,-0.705503726873477,-0.803096910142025,0.977099423414804,0.613118187216358,0.932916123574483,0.869719912588125,0.026501607428576275,0
3.23802135259846,2.94834866890842,5.47958810598041,8.37952456635268,4.53056263043509,-1.83567350892805,-0.863834980534669,-1.83105414097237,0.328275260350527,0.597226617442224,0.320524426635691,0.908490303881381,0.007053779412767639,0
5.91043714068743,6.27248558770217,7.66957371973828,3.4141543385859,4.72279202764611,-1.40332087901633,-1.99787078332979,-1.32160036529999,0.169677227575935,0.722460902603462,0.317099262032225,0.28823509013274,0.0167356310537856,0
4.081250710706988,6.950479854287132,5.955446598758536,3.848257084332892,4.31495179923613,-1.2393042307133966,-1.2968870905810561,-1.5474818773493422,0.43887160508899503,0.2770229875434876,0.4359752620895756,0.41581218603396364,0.04703247029997977,1
6.14769390715091,4.74240097027521,7.93120876639029,2.23829334991071,4.69751556017494,-1.40876894945432,-1.83105809729447,-1.45768851342615,0.531641372459428,0.993833844720807,0.585196991070243,0.850592739367124,0.007492789384747001,0
7.3305111529062,3.04528438652902,4.3724472951782,6.33262351445796,3.01320208765847,-1.05109099271196,-0.949051714143285,-1.01305938080323,0.309816142746242,0.395382309657377,0.729459337933915,0.371587860413904,0.024767520212616075,0
7.79201648983921,1.10433498158891,3.54828551741169,7.55677956160005,4.02829382592462,-1.57156121293055,-1.49258063990609,-0.964151973087981,0.564122223472892,0.202707099504429,0.476889319985763,0.90014718844119,0.014260446255353717,0
6.4665054288535835,4.918272374410077,3.83687326120263,5.084324415429408,3.3533833672759963,-1.0251334292217242,-1.306980674315413,-1.2069226613756294,0.6494721975240626,0.5530481851042598,0.6413110921109099,0.33972672411365396,0.07861590824929904,1
6.883241358805032,3.97294682906045,5.291898299525545,7.043455485005986,3.9684807002407974,-1.3715326692020138,-1.0108060323484231,-1.606850652681078,0.5783861348526,0.713684318270777,0.4371869651697658,0.2428148372958437,0.06456199797325686,1
1.17853941635039,1.70684623190166,8.62924935908362,9.24996560477174,5.22472748743645,-1.53794205906974,-1.94824490003695,-1.73854052832976,0.217607450387598,0.709992568402164,0.644036730915701,0.616178683862196,0.015485886732141487,0
6.992586370658247,3.953758307559573,5.012043924921167,4.637899375193891,3.4047982180107064,-0.9704930711553492,-1.2756585540401113,-1.238272652350272,0.38983339052159516,0.747662855712164,0.6259430117574997,0.7094949735822249,0.07397981440621186,1
9.67273626637998,4.48152445259599,0.869358072553924,9.3257494913514,3.07953475934516,-1.21050968058185,-1.32353060336661,-0.545494475396699,0.650155143469417,0.540375714006502,0.0674966482837417,0.563548239298337,0.008085894557392868,0
6.16985133344219,7.93395404903606,9.99298194403339,4.90413894310388,3.37751363047084,-1.21428861564826,-0.782648326736444,-1.38057668808614,0.449758522940963,0.0854782435790077,0.870401804083517,0.343250793201118,0.00802822651431897,0
5.54226151764555,2.83237834482688,7.77053797954381,1.54142826029755,4.63817692279589,-1.21695843562535,-1.46252433086672,-1.95869415630382,0.851248776562342,0.291627903613046,0.54240353935571,0.630609637378764,0.02329745657381754,0
6.17299326796021,4.82134783208974,7.11905100827585,7.06383082704494,4.64086067648497,-1.2537818324699,-1.68549861312683,-1.70158023088824,0.634630777955704,0.112602206296807,0.639977681035751,0.497193849321469,0.02668363956786792,0
1.86630517552301,5.65793071989084,7.93742512338433,2.0161941048793,5.47149826169108,-1.93312334288742,-1.67596180487368,-1.86241311392998,0.739903129906338,0.606026208161284,0.638077543907062,0.0923870459093026,0.01768885658177336,0
7.36263379643927,4.78944827129644,2.30132312945527,6.6386784844353,2.98598165259246,-0.594767510763777,-0.889538192186516,-1.50167594964217,0.330876924978148,0.681352599496638,0.220077778062788,0.229120768256299,0.008639130501111189,0
4.47789615181807,2.1595815183094,3.57689689965592,1.79584584373885,2.95177225214577,-1.54036922149621,-0.882204831202352,-0.529198199447209,0.702599246083022,0.397860502922635,0.785096490948474,0.643629575397432,0.011718498123790872,0
5.15215700399237,5.831118626441,1.10612372210487,0.764953895688499,3.14415103945462,-0.895924092969881,-1.74330629906307,-0.504920647421665,0.95229296656176,0.992308636365117,0.482339783081504,0.460483476074233,0.025041904706565737,0
5.77862579483297,2.80961113444467,5.90397815765431,9.84472982694599,3.71215952421053,-0.715264485416084,-1.89543690763894,-1.10145813115551,0.102087168931664,0.66932147099609,0.666607711236428,0.309198354625858,0.02993472724142369,0
7.5975740680529,7.01662824668154,7.03170202440308,4.41864199411356,3.0920075934315,-1.51827365864809,-0.616138285002741,-0.957595649780671,0.0694696717285796,0.742712338394363,0.670236042047701,0.099994146156091,0.017978245194237807,0
0.706961008942604,7.50450130162428,7.14213811023514,7.59886036693749,3.75573169473064,-1.38689089793734,-1.01689839993761,-1.35194239685569,0.402856979414069,0.644499457483884,0.302397634037883,0.92545666584419,0.007444396614585284,0
2.2437004824898,5.08297922693407,1.19924009786086,2.09262748005157,3.95658222022288,-1.09954676852043,-1.82227385934191,-1.03476159236054,0.827375454788384,0.94048777842745,0.876064923181983,0.50812440335962,0.01814511747492374,0
4.69555726318437,3.40387239863771,6.60446445185788,2.65794496841107,4.23708490475763,-0.673087979695282,-1.65617188975393,-1.90782503530842,0.638218715087706,0.637885950673642,0.508714056284237,0.732244758422469,0.02492584080910112,0
4.14202400296237,8.55639218658897,3.336799778853,3.30644173230758,3.80331524957354,-1.62061887910765,-1.12140808006156,-1.06128829040433,0.232717870192359,0.659618953588104,0.888085953761727,0.209897791881267,0.023070203330260556,0
7.14968283074884,5.60824730102577,3.36727206904717,7.77445207565789,3.37178770962053,-1.00483562571288,-1.09060104078492,-1.27635104312273,0.419037482336598,0.246223189554732,0.945343586428451,0.648659354271454,0.008202400897757079,0
8.08929458889075,3.83283838201812,4.25732193140376,9.73314889582824,3.93049020042799,-1.49582215672771,-1.45841323344081,-0.976254810259468,0.0826714568814065,0.978782706858403,0.684053457820597,0.84282009588712,0.012748347040282788,0
8.88447946333116,4.14360371318208,6.15952116767826,6.52404949965571,3.76687432593042,-0.886588106480148,-1.47593754484849,-1.40434867460178,0.296147035670723,0.706706122923699,0.485880416591902,0.306304100763991,0.012280856628223744,0
4.46035062016522,3.95823614479754,3.10740847727204,9.67656016893756,3.15203370241223,-0.946018142485654,-1.52253034391333,-0.683485216013249,0.339881187805232,0.745573727870992,0.766925265453599,0.757605073691855,0.022418033136173247,0
3.36014165846799,5.32208335028152,7.70287940362972,0.666114820790116,3.70590326152529,-1.82241084957737,-1.04155871940262,-0.841933692545304,0.377035783153895,0.749450597427415,0.904645852566472,0.302146216201385,0.017225967085888114,0
9.40772623389233,7.70349906539067,2.34889762802874,5.71147328208907,3.2610337716014,-0.765928775658552,-0.788768908869091,-1.70633608707376,0.316492896687363,0.515915957677205,0.118294033384752,0.483032784727908,0.010407659828980157,0
2.81882873551024,9.33409823536536,6.05185066037285,7.41954553113602,3.09597463026865,-0.703527984592831,-1.09158613092087,-1.30086051475495,0.0618921819952398,0.249097336950677,0.838269486525017,0.101607215571497,0.010307650348681419,0
6.48381927731732,7.24659912398603,4.46822445401337,1.57466933737706,2.33537142831513,-0.721564025507239,-0.725173621318769,-0.888633781489125,0.681267098981763,0.36727840059302,0.560255477070505,0.580249806616075,0.0111859535524212,0
4.624814406796811,6.3355130339446735,4.790868431334334,5.989666762382771,3.413417307241432,-1.1457627385326061,-1.210021170865884,-1.0196188097851984,0.5614933119006135,0.23638315714893454,0.4394833112866058,0.38058303702509505,0.043261271257721674,1
4.68054463092685,5.51302984261792,9.78931204259467,4.38048559153437,2.53254651888286,-0.652673632829054,-1.01757938259036,-0.862293503463443,0.415925371992507,0.867230097849694,0.764895227906951,0.19375247168799,0.014591479154507994,0
4.396892170198839,4.330000273962694,4.380110657242029,4.725972402938573,3.372287465759163,-1.2999298452001165,-1.139527100833163,-1.1143856882827372,0.6008278735686893,0.5605731427987669,0.46584395526522215,0.6487908952484444,0.023122169910912215,1
3.08900024912937,3.18356796368618,1.56454741563539,6.1250958712365,4.74971614820579,-1.65633452657295,-1.78433953728754,-1.3090420843453,0.989673412736056,0.744026610975482,0.765463978330828,0.478253482458275,0.011275947301971673,0
8.67689455715097,5.58332528932482,4.92540189980591,7.3562122896724,2.82824733012091,-1.39673198846508,-0.929289557595819,-0.50222578406001,0.595003445440603,0.983650729391923,0.245571184843254,0.454155494134516,0.009289251492535438,0
4.91766126800484,7.69158549780765,8.91291002317041,6.80269726554175,2.80589741852216,-1.01023116555957,-1.15819260315772,-0.637473649804865,0.729589049685214,0.256740937723778,0.127864262901779,0.650910232997575,0.029675080507873604,0
6.53776415092373,8.23700475258332,7.79791729900952,2.14965141300054,3.54326558361186,-1.57834852335928,-1.25853365195442,-0.706383408298157,0.506161885547193,0.989750251488577,0.279820243602404,0.606990552926963,0.02624101595476091,0
7.56255773594594,0.949085097421787,5.26805948230842,8.75087443754821,3.03893016463764,-0.920831194618612,-1.42836555439861,-0.689733415620413,0.764098336093605,0.405401600676847,0.635408303808572,0.992681950530683,0.017794233196974117,0
2.45164167683661,4.25958634614858,2.28496191782872,5.37492413288936,3.57242594191142,-1.80494813870272,-0.954734124066983,-0.812743679141719,0.808693702615033,0.629965468497353,0.543123954195591,0.590430023764659,0.027878866200061758,0
7.27177402251685,7.14236798135433,4.08266124919618,7.77686831610937,4.65000848653601,-1.40956272092095,-1.58101864328354,-1.65942712233152,0.826121262035526,0.313091428942283,0.936612602398668,0.694005367690468,0.026053813716316064,0
1.15043306599341,5.75772878374949,8.6530940900839,3.44137873489712,4.09945191162833,-0.729319472009328,-1.5561510499415,-1.8139813896775,0.22009282309123,0.987176307435257,0.741730138216758,0.112782668332783,0.02744267844397779,0
7.330784332898354,4.241063306295777,5.847028955907723,3.769321728326364,3.999012382216719,-1.3595726635540133,-0.8769197446755552,-1.5293033332964994,0.6716345536231522,0.3241008014327519,0.471153446859292,0.7231766197042093,0.05620723716987179,1
5.44205294695828,1.57980139824923,5.1267941577433,4.94352771789077,3.14044597225219,-1.11850137182721,-1.14244802891287,-0.879496571512113,0.722228151054413,0.844302082055599,0.811105197710268,0.076689853974008,0.027115865619964416,0
5.43461159820437,8.70807055794214,2.74680277083549,4.06173146409671,5.02366110642878,-1.64316726225455,-1.75877847025018,-1.62171537392405,0.409613819743494,0.556839385931008,0.498705086636495,0.352913303707219,0.018378267045602626,0
9.39177633407899,4.84927953102221,4.30065881824228,1.36243078571063,4.80539829376843,-1.75203018932973,-1.56638051599414,-1.48698758844456,0.998917123992918,0.634937669005127,0.305815625578243,0.0908629686295707,0.028129135263078843,0
4.9281467253312,5.40194926032665,4.576657506622,1.72143659980415,4.77065024141962,-1.3952067917382,-1.64621098484539,-1.72923246483603,0.690958302157054,0.52825103511007,0.148013880761344,0.35495188612868,0.02873783919183463,0
8.0183389720001,8.07616323213066,6.14226860975667,7.15073138967155,2.2857784039257,-0.80636459080457,-0.648099012868037,-0.831314800253091,0.151465408776891,0.555146089176572,0.374852233695764,0.258430108006577,0.01921601421441129,0
1.54310571029707,2.26142301806775,3.84797217897528,5.67932370371048,1.91177300735093,-0.74786102620163,-0.520797670720355,-0.643114310428943,0.456308708247633,0.517390106610157,0.69221854456405,0.531000094388119,0.01375236307851829,0
