tau1,tau2,tau3,tau4,p1,p2,p3,p4,g1,g2,g3,g4,stab,stabf
9.60683364118954,9.67419707110396,1.12653229088393,6.6465829115011,4.24872097521604,-1.36086268556499,-1.6444221670024,-1.24343612264865,0.34659260994565,0.33488313680731,0.943077665125593,0.867159229450988,0.0058559979990362,0
1.77983403088708,1.34199951707209,5.51204423713622,5.61881919690052,4.33422792296727,-1.65978804367114,-0.693636039540521,-1.98080383975561,0.736797245782252,0.384706406157039,0.732971454382996,0.709538405171891,0.0219182171609653,0
4.58569026236781,8.73374083781579,4.13339093405691,2.43305621589938,4.54580605332541,-1.79575259648651,-0.760712359901925,-1.98934109693698,0.749258464681967,0.0515257160812942,0.7693781749821,0.568069446585591,0.0297517611658341,0
9.35541954576937,3.139747203729,2.99761741895234,4.84628792735888,4.03593634420459,-1.18166444844678,-1.03763700665794,-1.81663488909987,0.823626806874707,0.38318516945357,0.149698734038634,0.464116882008045,0.0143187453751164,0
6.50921265387078,5.56585318157736,4.03038604209707,8.99207031560852,3.28788892644503,-0.71618774347934,-1.19246883448339,-1.3792323484823,0.699352136839004,0.468202476648694,0.42813751733591,0.833837722293895,0.0636729732712458,0
8.25480547540116,7.1965053305913,6.64244645298588,8.3666037263834,3.92785146099609,-1.03741846316507,-1.48735252389885,-1.40308047393217,0.334032320979843,0.921507078342694,0.901161243150347,0.623502828809886,0.08794698362274,0
8.75193033697443,6.82316409080309,8.92910035797126,6.41104194687717,3.51047263150936,-0.707617978335626,-1.40669517351136,-1.39615947966237,0.410499881049839,0.425308194139858,0.597661386873357,0.900678112435092,0.0692320469907328,0
5.53856565442017,3.4790141141299,4.23941506385523,3.56624868626966,3.45338343129821,-1.59331205661171,-0.768967400628142,-1.09110397405836,0.894725262736079,0.720867640465159,0.850312796591196,0.198311538595884,0.0740989351818565,0
4.09196769070005,8.49119578886418,6.68838069166687,5.55245690452557,2.71167562719552,-0.554849512504716,-0.919886445621785,-1.23693966906902,0.989597166556884,0.64845296574265,0.743016043426823,0.776523616320706,0.0904176548190168,0
8.65920896986948,7.28911291116443,9.66773699453975,9.35228182106519,3.96152792104811,-0.738473765649949,-1.55238051681869,-1.67067363857947,0.375039680798236,0.715260536785022,0.577489140680498,0.919444072630934,0.0784920142186131,0
3.00962183075546,6.16260562975464,0.831112580565538,3.90916647969288,3.84528911184162,-1.57071918751491,-1.66305144206297,-0.611518482263735,0.749769456300641,0.143938846098231,0.393560609370593,0.373265056210153,-0.0516094992133745,1
7.86925058471438,9.37287644952962,9.47519940652341,0.68850290014348,4.12836809838007,-1.51130696212905,-1.32395306155048,-1.29310807470054,0.803326837863127,0.689139093085056,0.951537228494519,0.590223300412253,0.0565606715820597,0
6.52095980022617,6.45494412615057,3.82754907897471,2.7136532827123,3.26120964848221,-1.33839712539053,-1.36618867705661,-0.556623846035067,0.658997270316276,0.628716981360625,0.221744850465587,0.417847132000144,0.0318791777404509,0
6.55637436034989,5.59166927385497,4.37179461759379,3.93963570307149,4.69512555241707,-1.70231792538158,-1.40655741713967,-1.58625020989582,0.540497118467124,0.261828701823791,0.0843665052493371,0.552801930058987,0.0046403235379612,0
8.87155848547126,9.26580067879423,5.61190173598976,6.52092575180965,4.29651527544653,-1.81537696292502,-1.13999815142299,-1.34114016109852,0.906564714997258,0.927600225609833,0.834428286200754,0.483806175281482,0.0919009309641798,0
4.33032232336501,3.54096038735321,4.7433269275377,6.10571340636153,3.25425372792428,-1.42218693310511,-1.18490503987367,-0.647161754945503,0.80578056266919,0.0898843720345118,0.875022269886224,0.641207692436376,0.0671677283572554,0
7.42279663084238,7.56821216268244,5.93535984603433,0.599771403242496,3.06499121234833,-1.15530140146686,-0.869672259519854,-1.04001755136162,0.347179513625399,0.982046282453915,0.378197597735013,0.120649481687221,0.03885268875174,0
3.87977055207764,6.38411740240509,1.36219919267313,9.72093548750512,3.58235831537722,-1.37845756884563,-1.00883659410542,-1.19506415242617,0.835323852414963,0.596304768564381,0.061987519830442,0.287145678483961,0.0124200323788767,0
6.79831092126663,9.67573854149027,9.99469581364293,1.52968698788532,4.34116863599826,-1.82562191349083,-0.835361585992121,-1.68018513651531,0.888847225372355,0.0656840530997736,0.279169116549324,0.889937705049391,-0.0049864659853789,1
8.69091205922438,2.7066396456111,9.80256402156531,3.62372867018301,3.30009709768669,-0.924591813350411,-0.959827589071088,-1.41567769526519,0.550107722800325,0.974773500746651,0.249461027412663,0.710381345046691,0.007081834356169,0
1.7125885393035,5.9085055384641,3.8580421860835,6.88867965889751,4.71181119895783,-1.45717889755006,-1.46177338087879,-1.79285892052898,0.685386826107077,0.861231861963248,0.324044806757489,0.335645049435396,0.0195362579646672,0
4.82587930016532,6.70527387933736,9.04583987503087,3.95497431016869,4.76768868555775,-1.57576470378074,-1.53492490412182,-1.65699907765519,0.328677079374163,0.790449985404853,0.937129300452557,0.622044052899851,0.0686852899232392,0
4.64842380029048,8.8557331027057,6.01256910010333,4.76991780090757,3.49185136578105,-0.937352427165175,-1.09403222809084,-1.46046671052503,0.616723604625589,0.13505814319095,0.838903997313492,0.681784670190861,0.0605062321014453,0
5.11563262044347,5.71187278541522,5.84566204550601,6.25440658410275,4.22253342446743,-1.32074622618257,-1.32206670487956,-1.5797204934053,0.449610910846508,0.208083712004693,0.942931445220511,0.656163022422383,0.0671813006096697,0
7.96148447231264,3.881030380225,7.35965987398233,7.01682519234143,3.67534133481797,-0.501580528471712,-1.87643154742718,-1.29732925891908,0.311359870318816,0.366317321358562,0.948552305799573,0.887182387672545,0.0740402383520608,0
5.56720682024518,6.19416867635875,3.733002876295,2.61131295504083,3.788588250097,-1.46310388606769,-0.92592067209346,-1.39956369193585,0.539161193275192,0.274401373116465,0.526354558576903,0.999409449792932,0.0339422935665706,0
4.49269958902797,7.71278676856478,7.82312253178514,5.088850363626,2.89292112381655,-0.976926881289249,-0.987074474704009,-0.928919767823291,0.413785133528839,0.176321436443892,0.740223331924918,0.445623949938273,0.0350315582377953,0
9.3307544954238,6.84795539662894,2.3912291346364,9.64339930193473,5.21488005772108,-1.83918625826873,-1.44463747653632,-1.93105632291603,0.912079380678536,0.281284524515729,0.0510801657900377,0.433938636198108,0.0416089029170608,0
4.90334346218368,9.10048563836375,7.2254578074628,2.48003009919702,3.5545762752859,-1.10533136302987,-1.2205981567458,-1.22864675551023,0.172153697166559,0.677542118748112,0.722896370694289,0.434011045402685,0.0339906539714806,0
4.9256117126104,7.54386292499253,3.60246149325179,5.94359999761434,3.58839791740674,-1.10344820626416,-0.753639444102021,-1.73131026704056,0.584539798677798,0.69812503046373,0.116270024892878,0.762803826327017,0.0571690262469726,0
3.56816515780983,7.59922148353214,1.91173533747238,7.34173222804302,3.34684235055302,-0.833822204737482,-1.95658632667792,-0.556433819137618,0.9437802484786,0.474334643529745,0.371856385973722,0.755731684191085,0.0420782572256808,0
9.57443272815265,6.22965040698171,4.47899273819502,7.95240878867047,4.0373372800723,-1.38947206794614,-1.69592723321619,-0.951937978909968,0.50684011569157,0.461307472510566,0.758852999008815,0.545169292328975,0.0550001190137494,0
3.89670288867586,8.34831729040876,4.85676051773749,9.85278348797662,4.81366801986872,-1.93886352890695,-1.68295435406428,-1.19185013689749,0.441028695994311,0.809625891909717,0.174739676747192,0.529082273948934,0.0400769670060416,0
5.07316593833682,2.92363739064484,2.34399065768652,4.71745771662618,2.59291946548725,-0.562271942759189,-0.808731649970403,-1.22191587275766,0.0647583048025751,0.891602397489755,0.19946044090352,0.820262599474491,0.0149146193680197,0
5.27819518133834,9.7203359017956,5.82030600580242,7.63545199947038,4.0729985925048,-1.88963495418942,-1.64851129826157,-0.534852340053813,0.262863215231848,0.583338025970908,0.684595177131145,0.323466552139127,0.0418057472496185,0
2.91173022872414,8.84144119560152,7.91724162848366,8.64160339866788,2.37867177115971,-0.816832754651073,-0.97439571757986,-0.587443298928777,0.908535306406126,0.486453536740054,0.878447852497342,0.916685340534218,0.073017414359496,0
4.97434654430676,5.30395508117734,7.37965212948127,1.65816232065407,5.10766315424976,-1.72022623354844,-1.40074548564606,-1.98669143505526,0.596621987149897,0.724431273405012,0.754256163895727,0.0828057391288108,0.0531819959682449,0
4.92954244114897,9.94174594281636,6.38029829650946,1.56143743076508,3.20085732976603,-0.87435621608604,-1.3454724077206,-0.981028705959395,0.055272764397033,0.884223935359897,0.979121044057568,0.6512898416625,0.0343033134475394,0
8.55586595299547,7.14607346209816,4.42059518715371,5.15775623609027,3.47745099312312,-1.34548197581349,-1.17500861876936,-0.956960398540273,0.366013584311522,0.805988319191579,0.129703773962026,0.592859741515023,0.0448996204587121,0
5.97901536582659,7.17442360801086,2.16422816414875,3.97860262191045,3.64252117411599,-1.77344629408234,-0.56999928761787,-1.29907559241578,0.603010353390792,0.511733258582146,0.166364309444334,0.90375954284341,0.0436702944954118,0
3.11008428042587,9.1027641737102,4.58738920017219,7.69075320506689,3.09962621699305,-1.04318487774737,-1.10258610669492,-0.953855232550763,0.559092504071578,0.218254132146392,0.63833183157759,0.740087721999317,0.0356605645173444,0
6.63179798896736,3.06476630894197,5.43313938379663,3.16738124572854,2.50540204225201,-1.02424630299613,-0.800846867299778,-0.6803088719561,0.169195461916452,0.868736167151381,0.714345883196275,0.524640664055449,0.0377334499990282,0
7.69554028153005,6.78724973260649,0.915779289244185,6.46757065047075,3.77679049170872,-0.726108428860293,-1.51027652030392,-1.54040554254451,0.529216515128599,0.780081157004756,0.10911546575164,0.251294550490101,0.0316914778699875,0
4.10682478016657,5.4828531710749,6.82900903623045,0.912511173243821,4.03391320230758,-0.962031379593222,-1.15336929798548,-1.91851252472888,0.622111978672274,0.467005698236667,0.632805957341517,0.317220534647702,0.0222075357355762,0
1.39497103700103,1.07709798532688,5.73920990321854,5.92777667395108,4.44983424762643,-1.83490268244555,-1.51684660874131,-1.09808495643957,0.373497547816653,0.548593878771288,0.321329610755281,0.6118744938872,-0.033355128364554,1
8.65688227467362,9.95653164291144,8.88929142052005,5.5456139411571,3.11588843103452,-0.713249176707619,-0.729342185760522,-1.67329706856638,0.821053899897635,0.986925542356758,0.321588732005724,0.606281784868493,0.0784745704762258,0
2.28177259870679,5.24510393593481,1.15201102082536,9.23264202223704,4.26488501169098,-1.48453186834768,-1.24071017143311,-1.53964297191019,0.70407677983623,0.335623597061136,0.252904568758316,0.910460902094513,-0.0007265816475197,1
8.44385260631516,3.21634856537231,4.67387774486457,9.37919601781361,3.18327443057005,-0.855525272905943,-0.807997783067869,-1.51975137459624,0.447119117069929,0.308052024521467,0.701998982046768,0.174500310793481,0.0091363931627952,0
3.89952177126213,4.23391327565622,4.70018381411128,6.91771504277157,4.61667773279386,-1.8540959540255,-1.19660062866705,-1.56598115010131,0.570603604596322,0.87497067849319,0.809051807803094,0.269189100525043,0.0688147658621108,0
7.33958407763336,3.30672141428215,8.57108742598619,1.40846900985298,4.25264088901818,-0.821070822254172,-1.94362601069395,-1.48794405607006,0.742928737520081,0.905559018368267,0.436067266300428,0.203536331666415,0.0278187230659324,0
4.06964217552163,1.63371007630974,8.37905436778656,8.63886721669504,4.21802046193786,-1.7693807130129,-1.44928406519407,-0.999355683730892,0.609456319788713,0.941626015010862,0.237742256314089,0.777013837643793,0.0067569346572647,0
6.27249450112967,2.87329351296856,8.390792574598,3.06560269883324,4.87221362557177,-1.44297505174973,-1.88676309417208,-1.54247547964996,0.455172292948393,0.546527969095045,0.848136716255806,0.419497578130283,0.0325900749925196,0
8.3526072976706,8.41484376106062,2.03289903883632,4.72876871908943,4.69671182660036,-1.44531526372724,-1.3862895177227,-1.86510704515042,0.290735352396694,0.731536069303429,0.498487394808596,0.978539509910498,0.0418354563962256,0
8.75088118225584,5.1883572732402,8.43953437083146,4.92430628578602,4.69929274724383,-1.86234251905439,-1.32879398210137,-1.50815624608807,0.600072321381865,0.566037018619704,0.659315233109036,0.205088377080542,0.050864920888892,0
9.52820648686899,8.15420525098011,6.12688976377594,2.41194188437542,2.75671757398595,-1.00240243064455,-1.17035040932766,-0.583964734013739,0.490765101802492,0.333025209508507,0.668962675571702,0.767824017989836,0.0270979915721222,0
0.566695180911187,0.549380104482244,3.76824174874268,9.72617873730422,4.05925875166564,-1.51295146128825,-0.790205917054031,-1.75610137332336,0.554127651419593,0.463856738848025,0.235918722979765,0.951961054932118,-0.0239802216306824,1
8.37218878381399,6.61399950612503,7.97516596575422,7.57065520326333,3.43240330879344,-1.87176193970992,-0.749266096655058,-0.811375272428466,0.650829374167945,0.762333083058293,0.509164423141365,0.329944981204461,0.068588599972751,0
5.65464763991513,7.25839613778781,5.76841492378018,9.93240745431746,4.05816110871755,-1.1200753058849,-0.954416352322709,-1.98366945050994,0.979870152299594,0.0642419632295775,0.45364244927056,0.975647082166913,0.0645723525353938,0
3.24593437962609,8.36046282211316,4.3982055412163,9.63293505930396,3.31552595635308,-0.730478067957819,-0.79769395939426,-1.787353929001,0.540723816971582,0.48530323550067,0.232031767725692,0.413867479804259,0.0105346538824482,0
7.24261330887168,1.33821983992654,2.09726308785375,5.20969414718471,4.26703469151033,-1.19327136541266,-1.3410130370343,-1.73275028906337,0.459694041776067,0.738038467125325,0.115182140046334,0.0759314737463614,-0.0489247106473836,1
1.18279534560547,9.1818930611403,2.89454336798723,6.82112931618636,4.94437260819609,-1.35822105555683,-1.60077988757816,-1.9853716650611,0.869973833605186,0.799112656970782,0.318198710882963,0.705648163619838,0.0101452415057534,0
9.26141009701084,8.69098148499435,3.89400777914346,2.5723685967852,3.17368376333563,-1.07277676786191,-0.809994230670191,-1.29091276480353,0.610547517737,0.734434883523772,0.795811363038997,0.054113362614183,0.0425971646479294,0
8.72393123890198,2.44714576588239,5.45331048946074,3.9480461831047,3.22252101169193,-1.63254453531177,-0.956788090638211,-0.633188385741948,0.830457193592761,0.407461930700975,0.603005744506964,0.988075054975938,0.0552391945218976,0
4.96138661141064,3.16321753879307,2.21030829707345,8.41188484880269,2.69450428725157,-1.50401079821271,-0.562203675533808,-0.628289813505055,0.510133666136644,0.817654985538137,0.472236871328043,0.885828703575819,0.0349335969067825,0
0.855840482834063,3.41502726904711,7.28455956588057,7.04297222933851,4.13250751518201,-1.67987150783412,-1.04348667748272,-1.40914932986517,0.906056013673807,0.18597062948783,0.391325714178049,0.532601570180649,-0.0245227331174727,1
0.994039413310424,1.60440358417907,4.07195543540884,2.68233035362031,3.84015086091066,-0.713538592870871,-1.37181350717091,-1.75479876086888,0.738807734852369,0.933203518689102,0.734125542097465,0.962860047028116,0.03958846781486,0
0.926462569196371,5.61756783248904,9.55757874859124,7.33300793242508,3.05704649469562,-0.533576054688962,-0.85473540684199,-1.66873503316467,0.0640492715757631,0.113625744480779,0.719134604112739,0.437885641670475,0.0173683693878343,0
8.17647311811817,0.860798995990166,7.22414394168657,6.25918146019634,4.3932934620182,-1.47708746139422,-1.76663386485737,-1.14957213576661,0.638819445238385,0.7599338551258,0.197430202488604,0.675225723454576,0.009443451255773,0
1.31747713422587,3.67594785867891,9.40676232675037,4.02243830534945,4.18185437465615,-1.02382273991328,-1.72867023703679,-1.42936139770608,0.370096657166816,0.118600694520436,0.736335220307729,0.919218278321242,0.0015361261464766,0
4.67927966855642,0.904764366195118,4.96259339137458,7.8608540747751,3.52672032910627,-1.18098902619074,-1.57694333213115,-0.768787970784377,0.65819572892026,0.913580011388455,0.195520316915009,0.556853744142485,-0.0142516869020009,1
7.04252569252714,6.40694920034782,1.25700477197546,4.66054672540842,3.27059369310366,-0.761346797709598,-0.810779753897095,-1.69846714149697,0.953289622948656,0.535183357636203,0.357692816199386,0.486756208659133,0.0463156765334057,0
2.62291047757519,8.55778136335632,8.75814488273622,8.51573869102081,2.97836317941367,-1.10065168498573,-1.16059934855426,-0.717112145873683,0.053713622926987,0.58090944562322,0.609023369896968,0.376860292883961,0.0403791918024998,0
2.64620907647198,3.21448415005759,9.36256907621714,8.32163544467908,2.21474217431123,-0.761455585505778,-0.805578404294269,-0.647708184511179,0.99296954766767,0.654467985691389,0.692678024325445,0.592931034358336,0.0287104355282475,0
3.43550311733494,2.97614996141669,7.07559795478216,8.44932278793298,3.55566995646581,-1.05266006879061,-1.00200551680415,-1.50100437087105,0.621455586605935,0.173042562838829,0.818877401149443,0.653748096072706,0.0458717759102478,0
4.95812695872346,6.11442241030803,9.92508006386242,3.29542003791861,3.86263639603303,-1.39986804241706,-0.656178820836439,-1.80658953277953,0.405624975887013,0.648926380757195,0.925777980531282,0.181286238195662,0.0464982828070232,0
8.71678165666963,2.16568884944964,3.96372446601826,1.64257152735235,2.66328400598201,-1.04434323964969,-0.576423150290409,-1.04251761604191,0.557791709940804,0.581955922968941,0.275618247203438,0.367909577412683,-0.0295167935604535,1
5.25770886693805,1.32981609964389,7.74313186180292,5.93679833753806,2.69316857690782,-0.642217132771783,-1.1656119238692,-0.885339520266838,0.766948309662811,0.545731456944713,0.580756352175414,0.148223276310576,0.0141413078499917,0
3.64091749163222,1.36729230209853,8.27577551008948,7.50797209118891,4.56730190855891,-0.771168579516152,-1.87812413052559,-1.91800919851717,0.277335414215231,0.0796684534893313,0.544234207553427,0.0953740661019296,-0.0279196183891564,1
7.43877969082852,1.37490317827128,5.50245221082511,3.07599039705715,2.60468844812368,-0.537858756146475,-0.722985677921621,-1.34384401405558,0.14666094451071,0.742179706149765,0.953201566446087,0.376714417789634,0.0017063101622948,0
9.961081501571,1.1893868400052,6.80639182966818,9.5000651934468,3.86203124605307,-1.07834745784359,-1.86748715700825,-0.916196631201228,0.119649589093981,0.62661969111511,0.61771692803011,0.946512008906339,0.0256812066850594,0
1.85180994122856,5.6565984056346,7.52123414007366,4.1079310963891,3.62551638361917,-1.35849377419542,-0.527457276440191,-1.73956533298356,0.714836942772787,0.953519157941471,0.735590940601755,0.45588794920611,0.0551773354275833,0
6.63965789356371,1.35370307090031,2.21748906425431,7.28231183010706,2.89693333742619,-1.2460521311606,-0.56730338423613,-1.08357782202946,0.808478404976983,0.0870717869634239,0.213632976232971,0.726449394948374,0.032119583161962,0
2.59014394163511,1.67590975525009,5.60614340169183,7.10474843907945,3.04667843969842,-0.523521955133334,-1.1789152316307,-1.34424125293439,0.388105291636605,0.356242874256497,0.26984932867235,0.763240182012898,-0.0027420454603051,1
9.62011150308846,8.76234937738046,8.28043192487976,4.29534846136195,4.2029875438219,-1.55220759605677,-1.54697346502231,-1.10380648274282,0.948873369850027,0.512341148587026,0.154891622801569,0.76639885436592,0.0568927326778368,0
3.9792332849204,4.95399701540341,9.2012036530939,6.7228926821864,4.22073083819904,-1.3773117140888,-1.14551551734975,-1.69790360676049,0.23929291639345,0.857723870670303,0.292295751847341,0.252985253663895,0.017792741846085,0
2.30046979036086,0.770407098538592,4.79508786211503,6.2906872997435,4.77711599656767,-1.93647650433795,-1.25810667402813,-1.58253281820159,0.297525872712585,0.315867854133685,0.350871208111031,0.215420930509755,-0.038144677642876,1
7.88453097218252,9.50170995164697,2.12947730184642,2.96316154636586,3.37497086817103,-0.551139407262613,-0.839552313481877,-1.98427914742654,0.451545906302748,0.578243695049076,0.524817727905243,0.528470654318485,0.0029665464464081,0
7.58669580824313,7.00623423622227,3.39859435821096,2.30893491725938,4.12613408482326,-1.58479910069234,-0.558657127834251,-1.98267785629667,0.600932708464639,0.923236288176483,0.25810787882883,0.765208260452744,0.043384036820306,0
9.75628583271491,8.23170170581844,6.36211992301758,5.27376505581152,5.10603522448725,-1.47667889849334,-1.6300204322972,-1.99933589369671,0.559211752712393,0.0576479632145911,0.163447355267358,0.86772173763274,0.0253885957842461,0
6.73661456532178,4.67044593224029,3.81509701559962,6.72734114783754,3.60671531449979,-1.45978295528379,-0.91841871075019,-1.22851364846581,0.24987113301903,0.385689633557271,0.137552060536018,0.917556737636689,0.0321756540239328,0
2.53571110124371,1.65343016884519,7.1543443710783,7.84868814843772,3.95127893772324,-0.950988865524996,-1.59582460462793,-1.40446546757031,0.498336325411343,0.300858475179315,0.247842859683238,0.63762425212745,-0.0125857634972897,1
5.98884719261064,4.71003082725377,8.83607328746589,9.33766172942639,3.61753443825252,-0.712423908052815,-1.07162996152166,-1.83348056867805,0.628267470357294,0.908172955263786,0.435056444349431,0.753993277571682,0.0718656106435124,0
4.83535598500174,7.01260232976341,0.614028858461312,3.5200965691907,3.63868649036415,-0.85964256804653,-1.71481760398276,-1.06422631833486,0.985092881174809,0.801848329231872,0.301233537743281,0.9486260965457,0.0651144393538224,0
9.38498330649351,4.19671752232458,1.76881702950464,3.1302007197722,3.67173376347305,-1.81387947928662,-0.709276702737296,-1.14857758144913,0.767826960935339,0.379965986502112,0.830756913446113,0.771085424774551,-0.0153709650468538,1
5.8259216379305,2.05666924664081,3.84015110512723,2.75452760694236,4.42599610044914,-1.12336288047998,-1.80737562997004,-1.49525758999912,0.936519738628552,0.10045337308621,0.350045063412149,0.083053281543114,0.0003439171882478,0
9.51079594906977,3.37138497788174,9.62775101112423,1.40450048922417,3.09830404161868,-0.639255543034489,-0.9855707802583,-1.47347771832589,0.942718066058102,0.675514246004514,0.338144242921526,0.302260885407954,0.0217165582622711,0
5.94850686763136,3.56317554150493,8.47370497560411,2.3745640064087,3.81069551951891,-1.3934076287533,-1.86418154694891,-0.553106343816698,0.509057200166279,0.0768859669269179,0.457119617906386,0.622172821815687,-0.0054905688822636,1
2.95431846709908,4.04383177732903,3.02820716715769,6.45647198084962,4.70210940119836,-1.57029381119171,-1.44616367612407,-1.68565191388258,0.326559859547525,0.886539448891578,0.679004393670178,0.837965234713472,0.0633193690889672,0
5.22322354299284,6.02178946996553,1.60030489509569,9.21529377922523,2.3860287111215,-0.904829569136759,-0.640422270415293,-0.840776871569443,0.92997551222936,0.14771165758089,0.665664165426429,0.823798805961022,0.0304519745255969,0
3.90580527604128,5.30130935985658,3.97692025813112,6.03271343994159,4.32124708914411,-0.968058657524199,-1.9503946806078,-1.40279375101211,0.40089497265643,0.756330270274065,0.218797412055809,0.186913202023758,0.0120476711669321,0
8.64124027165023,0.724772193256242,9.41900571756102,7.69780853836403,4.58977745172662,-1.62676786208517,-0.980921809231979,-1.98208778040947,0.698568548471532,0.671293534287971,0.44684276356539,0.670736041441408,0.0300300922824156,0
5.78855617346079,9.39022524794751,1.28854486956096,5.10000137712769,5.08129462001652,-1.9589096024055,-1.18831474306239,-1.93407027454863,0.431926059819807,0.726519241979129,0.139518545728287,0.145816146610258,0.0098759483996624,0
1.94816422485331,0.811878111580317,1.3760980942235,5.69527734586796,2.10539625418877,-0.536931540132023,-0.82506894288956,-0.743395771167183,0.784358401257055,0.717423313064786,0.650328538049737,0.848167092209526,-0.0343891036737554,1
4.59704461074033,9.13913850281404,3.5048493938465,3.90500154627418,4.61166690466044,-1.16212490340291,-1.91961334690752,-1.52992865435001,0.526914456208849,0.828559749129827,0.522348950537745,0.964129448737024,0.0541895031121165,0
7.74678207388744,9.33121381056593,3.49205340590773,9.99421933365442,2.21151314350068,-0.566131481849204,-1.02163348937806,-0.623748172273417,0.478649773137285,0.298372253193569,0.383082743814595,0.800041484328264,0.0427149883348335,0
3.31667710483945,5.20882994601327,2.84533013546271,5.51846732619024,2.72946405814894,-1.1722755963359,-0.698809164813638,-0.858379296999402,0.282865665903019,0.970079093607381,0.261091419010233,0.0710406506744015,0.0033256543517283,0
9.65016340641639,4.74962318885849,9.19817772569377,7.96018764859496,4.39377837410288,-1.89920862746999,-1.21122422378055,-1.28334552285234,0.602157187478474,0.667574600647975,0.343995602770541,0.197135320637887,0.0360529932678517,0
7.41042947864005,3.97156141472055,7.52272110996345,7.80442816977352,4.698021157348,-1.06908844766039,-1.82522997661987,-1.80370273306774,0.299175462049646,0.230434602721819,0.578910030024125,0.286679347128725,0.0191983894283619,0
2.96198982333572,4.86720464008808,4.59710704815887,9.04525321541904,4.43974118762683,-1.48532025297898,-1.25146604806056,-1.70295488658729,0.877729233674161,0.0993225057059689,0.84105337504259,0.328059577295162,0.0165151384348918,0
7.84250832337796,5.8165887336042,9.02691963197135,8.39773109895213,4.25721547254421,-1.18764102944288,-1.5233113279483,-1.54626311515303,0.151824496369888,0.456089520534273,0.268977912152484,0.762409588934805,0.0382051059775132,0
2.55964224816519,6.62032886029795,5.11094708770344,4.4603949600413,5.16412116568436,-1.6174897863659,-1.84209478753207,-1.70453659178639,0.941180595402489,0.159499235061103,0.214868464778581,0.845487604245315,0.0240908072903878,0
6.94361789704838,3.21058192892378,7.22698723025308,5.72473441321773,2.98961601122901,-0.636914840045478,-1.43880931922222,-0.91389185196131,0.106933005157029,0.65399676799675,0.883961738692884,0.978288086665771,0.0694639234073089,0
7.30741281590922,3.98950123480305,6.36990415954108,7.63001458604001,3.20772314253413,-1.12311232753318,-0.738982747531589,-1.34562806746936,0.990355338658803,0.461592519155744,0.65895624763976,0.535851137382651,0.0784678690886249,0
7.01198707145631,6.3563656690819,9.28590184318924,8.24359308496748,3.78922552966161,-1.18895870795184,-1.48640035245983,-1.11386646924994,0.131484610960681,0.592988852987209,0.870251956201185,0.443699413996404,0.0574788964241966,0
9.75916246764392,8.60944984424138,7.15079402938457,5.75732654355314,4.64177358487558,-1.55878558802058,-1.90764585549668,-1.17534214135832,0.094916995774738,0.335106693711192,0.976661693315789,0.687360738402748,0.0585473734958828,0
7.71866018731211,5.9445596663343,2.03216138610484,2.06267900309922,3.36445278032413,-1.97377660400344,-0.75893488357485,-0.631741292745841,0.717388827732304,0.5332102492052,0.713815292885988,0.0982348512864334,0.0111514670344462,0
4.73480765394836,5.28557981549229,4.1172917954984,9.32743241826671,3.54707040609437,-0.661968946471892,-1.63988155318607,-1.24521990643641,0.140940554315561,0.477674914090104,0.1081400543409,0.804877263686099,0.0204247919487113,0
6.4004179731449,2.34442973517978,6.07226079279769,9.3565141358197,4.49035176493799,-1.87830858909911,-1.36105141143994,-1.25099176439894,0.18466482621994,0.0837404565303458,0.58564406055379,0.579318067083304,0.0173784680678604,0
7.23008091916976,9.20787671738036,9.27475240142973,6.76272952574841,4.47215764510502,-1.49012613923257,-1.71297076636127,-1.26906073951118,0.170572378809046,0.773258465253989,0.281436624724314,0.830224038239056,0.0583893644978278,0
4.51375066404555,3.3207766892415,3.2410833022322,9.93139721325614,2.663324272425,-0.910609689715132,-0.940831120452168,-0.811883462257695,0.141747409252598,0.516628601410623,0.10609007074142,0.791387031535364,0.000236612678458,0
3.7547527219361,6.89469326556426,6.5286991511264,9.32080872148261,2.6055152252593,-0.706047333652526,-1.02851070250821,-0.870957189098559,0.194922437971031,0.513326272327576,0.384996796869615,0.784851394695101,0.0444261661293458,0
4.75826082617069,2.58013964255027,3.15343749483567,3.16582220839328,3.49763484231098,-1.76917613394973,-0.987616876549309,-0.740841831811937,0.0623087042633363,0.336442939752772,0.941921000262533,0.797577064794864,0.0215979842214704,0
6.69492909146089,7.54433206552596,8.57342268852334,2.24641621825499,4.60162071691589,-1.62823463854893,-1.81479351769043,-1.15859256067653,0.680775816576751,0.632927770186537,0.393274493004928,0.285451895027084,0.0432976302538462,0
3.55431341005409,7.45345708285236,2.98960361822591,7.7117907538014,5.06905257615248,-1.92079662243451,-1.79810171252689,-1.35015424119108,0.27996713373217,0.0916389340294444,0.443197124242046,0.406840353849797,-0.0341627486999055,1
8.53633811822018,7.96247679199667,4.30186691795141,1.12689824220098,4.12870654713811,-1.37978777955882,-1.8431949673367,-0.905723800242588,0.83861524082309,0.445452917047028,0.758993967661078,0.397669571917581,0.0353238631907856,0
4.01085657305475,2.85061242106237,6.68684598963198,3.82513110232141,4.22200176992139,-1.51611993191397,-0.740506186325371,-1.96537565168205,0.339488379907883,0.815271073991874,0.299967054388293,0.965438532353858,0.0444047046008416,0
2.48990865540337,2.86169002834053,1.57828040764729,6.32968682992958,2.46917490009841,-0.603098290424433,-1.00612935679705,-0.859947252876929,0.18961567445106,0.486727695261904,0.57546762699959,0.216271317301834,-0.0492227135380498,1
8.34947733602429,1.1120937627011,9.75235232823838,5.40923048750065,2.24511062008986,-0.610097903551487,-0.977052067523531,-0.657960649014846,0.711006492802157,0.461069309784303,0.87910086744919,0.780505509337362,0.0525202051205993,0
6.15674605173104,1.71346667309258,2.19696678442841,6.58051730199067,4.53397948052319,-1.74012092488171,-1.60213839977341,-1.19172015586807,0.715769417503482,0.200452482140101,0.148236177756984,0.147493759248846,-0.0275836139122923,1
7.62508451910224,7.44741290713508,9.44905678303388,1.83748388017676,4.31962460456856,-0.839069066456088,-1.49493257638665,-1.98562296172582,0.78264200466649,0.351340250592731,0.764086986137211,0.692477022914186,0.0445781521848525,0
8.75884118425865,6.6029915197388,5.5915664879464,5.42818519557024,3.87206028594707,-1.06766798912641,-0.870845365582651,-1.93354693123801,0.782897035710711,0.839878946408331,0.0500536923673214,0.135779320044041,0.0453708894096416,0
5.52390762288903,1.29139999945005,8.43004758672316,7.98719907997416,3.84439489408114,-1.89246251058734,-0.806358549456985,-1.14557383403681,0.0893656514933018,0.484823064935096,0.274774337969458,0.0891395410961635,-0.0462995604015524,1
4.4768907962582,4.19886270892069,7.78100462125096,3.83892304647879,3.14185533993181,-0.545540346447367,-1.42262520251906,-1.17368979096538,0.92289071434884,0.803241893088659,0.891564662042978,0.799113235177766,0.0965034454082036,0
9.59778803816434,3.78399044767836,8.92300592659151,4.62465111264086,3.57698982158352,-0.570685272837907,-1.43262766756939,-1.57367688117622,0.4780599983545,0.911566151381547,0.590175123700136,0.691429210054401,0.0520224812016149,0
2.57063314787924,5.44008184262065,4.47663072592374,9.52587175328126,4.72769067549695,-1.75224135633634,-1.1289169165627,-1.84653240259791,0.712695699862976,0.722592222482968,0.14030250028661,0.735466690958164,0.0251059802782912,0
8.68415609423638,9.20032851878844,4.07996894484005,4.90509676060524,4.33244026819981,-1.37894358870774,-1.37075771574534,-1.58273896374673,0.887042280991772,0.277264595740677,0.965483444271868,0.374324510018282,0.0546112870046856,0
4.47977504402141,2.06328638033986,3.43112727192353,6.82921470893725,4.46912401305477,-1.6230322647051,-1.81232510647415,-1.03376664187552,0.603919338745587,0.703701797857186,0.244425173338973,0.533861425287391,0.0103309405408379,0
8.28184498862369,7.89280543404638,6.79252138649293,4.00444838207412,2.6594127153216,-0.540453669402027,-1.06619489709575,-1.05276414882382,0.935774194584427,0.519606673174256,0.395719992723145,0.134011318214247,0.055107725772081,0
4.03814031570363,4.61872671614859,5.78733938417507,4.8335236848835,3.65456771148727,-1.63515516117858,-1.42651410815449,-0.592898442154203,0.45437436765414,0.899948738862189,0.295679449062059,0.355696240646009,0.0438247125978054,0
4.76174318663498,2.5772275063851,7.02936165593028,7.83984433597903,3.54675084230862,-1.67737788785249,-0.508058531012211,-1.36131442344392,0.8333394179447,0.298769167440694,0.156176306066676,0.389743312074424,0.0121270103278715,0
2.8071345945313,9.30697959972666,4.88574362698132,4.42227089340821,1.69557551192486,-0.53605780173887,-0.65774205907156,-0.501775651114434,0.977879710628417,0.396425775897241,0.822824278703789,0.314492457553925,0.0322883438722375,0
6.89583264726677,6.24076541716367,5.21962187508444,3.29684499929943,3.67769618122081,-1.06293341629589,-1.50857076085201,-1.10619200407291,0.100972164282146,0.949374574727489,0.669847595608081,0.471960766895892,0.0536497505449446,0
6.06981781216545,3.09850125176236,6.97087825332694,5.4731682092482,3.53640413482742,-0.623007340197417,-1.43361237540335,-1.47978441922665,0.141113428484549,0.861567694249651,0.991847088037268,0.37364277354142,0.0508982128631791,0
2.32922312947336,2.86374422252118,0.963971817316429,2.50263517798928,4.19882020353555,-1.61207149992503,-1.40946576339361,-1.17728294021691,0.109970390112926,0.594365419905101,0.100768229343416,0.854241280389511,-0.0190080102375475,1
9.45489206269525,1.41862177821628,9.11929647929759,4.84780582541565,4.13771789217963,-1.29454800841172,-0.88168067837496,-1.96148920539295,0.307875520138121,0.173274681627033,0.789561655642281,0.0690971960820432,0.0119044402190974,0
6.87164954769061,8.82891108424875,0.813569397359772,2.22966583067146,3.83904038481463,-1.79678793861759,-0.808431924290606,-1.23382052190643,0.976099430208299,0.548752397274199,0.313012594309434,0.102243005441771,0.0232700379583279,0
9.92940651913386,0.863540787571471,8.16118801491389,4.35542426463622,3.40652199487158,-0.579985600682569,-1.77496339333776,-1.05157300085125,0.635858009676215,0.83725633576546,0.663527483754233,0.539451128787765,0.0086339363260743,0
5.27079854224268,3.93437945136743,8.66187877437018,1.20165939948383,3.53014037722384,-0.54852844828011,-1.5017047212994,-1.47990720764433,0.558993584104904,0.962098514549549,0.537171338037044,0.184305682776693,0.029842916173816,0
4.28553916265618,7.14311483959686,7.84915296667802,4.48624779446225,2.83646418516683,-1.14685584164629,-0.672428389515111,-1.01717995400543,0.745255396734593,0.250662151145523,0.371594423015633,0.554472060602335,0.0335287641483111,0
0.845089185387373,4.99341482080243,5.48087037197613,8.77426565404127,3.96748312184477,-0.976250330567069,-1.03483113825077,-1.95640165302693,0.119576944693646,0.850767267882182,0.252390714900228,0.818171797839807,0.0372864822143631,0
5.06443245918409,2.6912024663634,3.93021757569865,7.86017321454771,5.12956264300466,-1.89906070666268,-1.47752905271346,-1.75297288362852,0.631524167062348,0.983419088678369,0.640204778858597,0.551944851668021,0.0537047985400816,0
3.74950125638066,3.6138269246593,1.86888299539768,2.43581656659838,2.41041884765929,-0.605413392672024,-0.83732344276706,-0.967682012220204,0.842505967194005,0.645515965216673,0.738203058004822,0.311905730563628,0.0379746213558424,0
2.25179227841375,5.90536328721324,8.72828634815093,5.45321124287369,2.95475656756237,-0.850662962814956,-1.35046448437143,-0.753629120375984,0.238129310880548,0.607721266621521,0.720340091901261,0.609040359206587,0.0473166587760038,0
6.8242224813719,2.86206820496402,4.00054013431119,7.20898955862319,3.2079088734837,-1.65906776246233,-0.907665497098153,-0.641175613923219,0.457049636731668,0.563708908964649,0.381621533925267,0.60278285744774,0.0288573627205801,0
9.76870786748697,4.86544860479587,9.20909515304278,2.36643675137251,2.10362884354518,-0.820630664048542,-0.512386907410296,-0.770611272086343,0.172928056046625,0.222081531985952,0.873002693133173,0.243306428134091,0.0154966228112503,0
3.50473495245556,2.62421448574481,9.7797853811829,6.89269414147262,3.70595335487724,-1.0867292339153,-0.744854513416416,-1.87436960754552,0.941053269728155,0.830468398672699,0.741105745817462,0.0629463685310609,0.0013915761690749,0
8.47668724024025,5.87147841885593,7.341466443212,8.22960977824872,4.40859725913723,-0.834689558774757,-1.80876649907926,-1.76514120128321,0.570972962787375,0.707746071329356,0.592054002981563,0.625529013739821,0.0759933204239413,0
9.74067927704556,7.13996805295041,4.11888889651536,1.14068655753997,3.64195790697265,-1.8266890907774,-0.720029552369076,-1.09523926382617,0.146847979274233,0.538573276935177,0.994732103679028,0.0868381965999689,0.0118220887091786,0
6.47573073702812,3.33272975759179,3.64845979306763,7.60299678879615,3.17325885788246,-0.957244551791111,-0.563505189935921,-1.65250911615543,0.604993569536167,0.415435392512529,0.866687240220151,0.438813582891844,0.045058831202378,0
9.42491734228544,8.06559300577076,8.02309221630511,4.23550344886078,3.5352873397731,-1.79174398349384,-1.19657725275563,-0.546966103523632,0.993142942150754,0.84864768984268,0.707677558588383,0.461506150431912,0.0859889134252576,0
9.14608081129958,0.655193418690912,5.53919178906281,5.77553976887813,3.97235293479703,-0.8402830088255,-1.93026185144688,-1.20180807452465,0.332153206177179,0.942816847102442,0.939742182520384,0.724209392588142,0.0218171635056457,0
3.21125695899416,9.11940404122873,7.65916857807058,6.08516960145731,3.82944135641235,-1.2302450568803,-1.06636602116624,-1.53283027836581,0.71422956228908,0.63225307572978,0.242763854242379,0.0604837645070942,0.0062478717001364,0
6.10112924013012,9.83267400319176,6.34640115294103,3.90972142536164,3.98315935357522,-1.47725196263978,-1.62092144448122,-0.884985946454224,0.788147039549701,0.230178505744177,0.61083865785921,0.439524687196558,0.0476333026652899,0
8.17192788296555,6.26120708168293,6.20968271875456,2.44916861022866,4.83858120312785,-1.45790461524593,-1.85753485243248,-1.52314173544944,0.156334395658065,0.805388062415791,0.826892704571574,0.950025483757736,0.0580469275737997,0
2.73800097820337,1.34117198999405,7.98650405509954,9.84274726730367,5.00760988957757,-1.27536321506748,-1.87724111609544,-1.85500555841465,0.162309940134343,0.175993544145355,0.8975054909547,0.601355613427602,0.0306199598083068,0
4.30701668929218,4.0625811274468,6.35281786851861,8.20803108505042,3.9851582661374,-0.969581636370963,-1.24427883209656,-1.77129779766988,0.685535115613977,0.593211887079063,0.441299949947676,0.652074457627382,0.0553094805158447,0
4.99245802692026,4.55976610983547,7.13463610853237,7.21963050193588,4.09017596723062,-1.13991282585521,-1.87027293644481,-1.0799902049306,0.290203370241094,0.2956741205109,0.358242116477922,0.930286848614897,0.0452593704492754,0
3.14912500622353,7.38809920493114,3.92767639554614,1.27000468981718,2.82172463739188,-1.44635083372814,-0.698574835823616,-0.676798967840127,0.600449979717461,0.975049175532181,0.333180172963823,0.170098754057367,0.0206679655743639,0
8.60170244333596,7.78906715459756,9.78124321539109,2.49055024780305,3.02076254289828,-1.33968022997275,-0.875627134331479,-0.805455178594054,0.56770722726705,0.498230074691996,0.684182215027124,0.91300508843208,0.0433674904287255,0
3.11227449711758,2.27880521585523,2.57783842920026,1.4843910836554,3.07363833939321,-1.12794803916753,-1.29965958736404,-0.646030712861638,0.763630932111854,0.284991897735811,0.78587529505178,0.399742655705655,0.0005879706020665,0
1.21191542455717,8.2719913379021,0.500788152733829,8.10862000685256,4.36137422039746,-1.98187415331086,-0.585580103633588,-1.79391996345301,0.597473370467403,0.841466751046648,0.426015858350573,0.186603703859551,-0.0242118276031289,1
1.32114706540615,8.03861485369218,4.95390537227876,5.96941881300418,4.67088968929489,-1.57017967175533,-1.21332428739099,-1.88738573014857,0.420530904998481,0.36554661062242,0.998446743645914,0.384834190088896,0.0273140335664316,0
3.76481853629611,3.75495622700222,3.67864901773041,5.1934759036544,3.04687451021281,-0.709419227821566,-1.35388662081298,-0.983568661578267,0.183490029809127,0.711359752739768,0.75987050238024,0.705810958429417,0.0575614909192202,0
5.80434357861264,3.41305219516939,6.83982715749032,4.83538447315776,2.77678799811064,-1.11389445705034,-1.11678021908916,-0.546113321971137,0.187635779161456,0.365161748571772,0.628934529009985,0.745483875179151,0.037586548231665,0
1.13281656861905,2.63361273411696,1.40517411925418,3.37212724158913,3.75141273871868,-1.38813088402114,-0.561868251627218,-1.80141360307032,0.916472600918559,0.301715526835574,0.55925105878474,0.593262840217734,-0.0133597988330715,1
5.96375152606178,2.24556475368212,0.642817268060765,4.13396647346402,3.93584382411306,-1.53424913320008,-0.791991000831418,-1.60960369008156,0.658636684419625,0.656062503516163,0.838150952503864,0.881031105093269,0.0126739665537611,0
4.57364749034116,0.865989079847431,3.04970476853612,6.4772915673619,3.13698128365046,-0.565994387478963,-1.45740069837498,-1.11358619779652,0.379277898406901,0.484629992800066,0.568270102329275,0.909371034739009,0.0161361229263962,0
1.39802732370337,2.44524339709653,2.41540927715524,8.29416251616919,4.27723432840454,-1.78674302393459,-1.51143876535691,-0.979052539113036,0.885246592750889,0.46530228600901,0.42951678263057,0.728754426995633,-0.0179167376598248,1
5.70918269899354,6.08980337744426,4.50071225526903,8.91541583847705,4.51796216616559,-1.79162039828527,-1.01384735259035,-1.71249441528997,0.644397574924319,0.79870600763937,0.558301186577833,0.804768420020482,0.0801158970901776,0
3.26284474143114,9.11649119285299,7.41677873014448,0.916167473952123,4.46427738345576,-1.6904958479729,-0.915094217258354,-1.85868731822451,0.93314796871077,0.924991750997737,0.281198935984796,0.228699948396286,0.0205858487596873,0
6.434677010987,2.94702707822236,3.74606562183039,1.429772365652,4.5113069219892,-1.77566368908369,-0.817476828106109,-1.9181664047994,0.846744905322263,0.423526174257977,0.586458050518917,0.4359939646017,0.0188116066157974,0
3.00662601658022,5.08706583461422,4.33583692543986,3.92489206475437,3.93192809642805,-1.57881910095112,-1.63183150642429,-0.721277489052643,0.578910020340178,0.385194967471062,0.528256180023702,0.971341983830699,0.0605146825759212,0
7.03914565922409,4.69201803061733,7.28394627799398,6.71183590507474,4.15775743714379,-1.49171083872489,-1.39142147476776,-1.27462512365114,0.813853153437751,0.395160784905165,0.772523391822177,0.271374814808121,0.0662115785245418,0
1.29037200413995,8.62143262023646,3.95500856074919,7.58381790477842,2.9698967439897,-1.13653980425635,-0.645693164959934,-1.18766377477342,0.368458927890067,0.40777724159873,0.70351011998062,0.535145164959107,0.0115226561782856,0
4.46422695282907,2.89364402795309,5.43853629406474,8.37872694556629,3.88538617120001,-0.962187902445311,-1.22336584417514,-1.69983242457956,0.386409889943023,0.0948486946355016,0.513444447182049,0.202983724533422,-0.0176133154571642,1
5.01869263219199,2.18606471172825,2.38926001252701,9.09776974069941,2.72482558941735,-1.12746183456122,-1.05819828537063,-0.539165469485498,0.913942184934762,0.52461779413056,0.39257390173275,0.506739364947354,0.0124601164596787,0
7.3560515769803,6.67489143405565,4.27573245022753,7.40533262411206,3.13993369815628,-0.770079753147136,-1.68839310327222,-0.681460841736919,0.670333490629722,0.554494134500813,0.936824871220558,0.444161141168456,0.0736201596397781,0
0.955850745478959,6.92098005189726,8.92121318728365,4.18377190863002,2.5455138233027,-0.924335910748912,-0.903089555138827,-0.718088357414957,0.668502408929999,0.185033490001977,0.862387774385918,0.698272304854855,0.0058986383272358,0
9.5148513464445,2.64519863619292,8.74204205371923,5.05903517381595,3.03127021051763,-1.25571180704102,-1.1857768054693,-0.589781598007306,0.205484136505753,0.364221199366051,0.983264583367215,0.136396711684557,0.0229413354494778,0
6.52488788755951,9.68030505604448,2.92733555603701,9.57525604662941,3.90689341394208,-1.60966442930268,-0.805866890134895,-1.4913620945045,0.210874239116169,0.72901076873566,0.19133104265176,0.721388973502528,0.0433531454738813,0
9.20011934563875,6.71045153583768,8.36658184306697,4.97922623649915,4.19890040677153,-1.77417586099157,-0.511438333089859,-1.9132862126901,0.791151998766083,0.997704677220078,0.578371884645878,0.0624674354076828,0.0724190281896166,0
9.19494064758898,2.95023766626085,6.25596010043569,5.44335234185804,2.85287132894543,-1.03412042177018,-0.63237887265915,-1.1863720345161,0.480854005894627,0.166489509393476,0.47625686377019,0.715316402693115,0.0338287167978964,0
2.77734719393161,5.38618235998075,7.72324277644216,8.41347393965151,3.32666313130787,-0.97487457932966,-1.18022938655785,-1.17155916542036,0.822572936328678,0.377297236100301,0.631577361205951,0.947802011538147,0.0588776920339485,0
7.29366099299018,4.12460153309995,0.892717333982349,3.67321262093761,2.39256774105703,-0.776193136360112,-0.740862270899885,-0.875512333797035,0.594784949063013,0.524116302688757,0.953527381846353,0.793267522079159,0.004432167336649,0
7.28472594125259,4.62480877383408,5.37588648763036,9.23510482728911,3.95175248714187,-1.96079646464146,-1.07112554088676,-0.919830481613649,0.889033396315246,0.63259017856413,0.849056632338181,0.0862934095659642,0.0693287286365341,0
6.56020459994942,8.16529484591051,0.822740566648601,6.24161045930277,3.63864685987153,-1.81799312396505,-1.16459134540517,-0.656062390501308,0.437588643561791,0.622783910955195,0.876305980167349,0.087715285495643,-0.0188913043531518,1
3.81326866033742,6.51684613221859,3.84641891632945,3.71463307061826,4.00521473627624,-1.28169362311001,-1.81401165333089,-0.909509459835337,0.343858129098077,0.453457675250886,0.566343598239481,0.521668860007075,0.0229873807033516,0
1.33708240904541,6.80963964099473,9.55950065761339,8.05133278420254,3.06839325441018,-1.5019606662075,-0.960203669335833,-0.606228918866848,0.475646188467723,0.32716461999509,0.284124303847819,0.76794727364725,0.0155713178702611,0
7.73861374226285,8.0144532705861,5.78248756078883,3.40934624636552,3.7763935284723,-1.22428317360656,-1.21494481352407,-1.33716554134167,0.736670176092287,0.482851798828259,0.0660315045885788,0.168022113871671,0.0237986846494897,0
0.690766064096172,5.38813792762647,6.99361069956094,6.48871788288964,4.49304252784842,-1.30656843618678,-1.46677664534441,-1.71969744631723,0.81652413167432,0.784705245466885,0.665900430435494,0.51610725448386,0.0310686302891915,0
7.61713344868899,9.18701291838875,3.1316066766361,3.27705898031879,5.51223834218936,-1.89537745136941,-1.89899673743466,-1.71786415338529,0.291949487884742,0.923087456528169,0.183579346970543,0.403435258616472,0.0247433505581343,0
9.74063444039113,2.00525471021818,3.97532791859864,3.04340766316919,2.49589601395908,-0.982266531809617,-0.963389165083191,-0.55024031706627,0.946610766784702,0.784814580272817,0.682354418858164,0.28579174119363,0.0006620570829964,0
1.51487732565537,8.38275791563771,7.71106896451167,8.8217291128719,3.08906352423441,-0.587029264602088,-0.744573696423892,-1.75746056320843,0.730418206782251,0.11475877443601,0.46537413578797,0.833965577572136,0.0158410604024569,0
2.75387710618108,1.37724533994168,1.07116845398491,5.77245379602172,3.39904714042316,-1.40746999998488,-1.18534690824739,-0.806230232190888,0.168136046050484,0.886861714140557,0.314307951863097,0.881364850874406,-0.0322094406441397,1
2.92725031477113,2.42288504983401,3.53816111800869,4.13839429750242,2.5548728165166,-1.47652549645497,-0.560758521882945,-0.517588798178686,0.123158115150067,0.91976115194988,0.902983965877229,0.246253098355146,0.0208723395048651,0
8.71498569703212,6.87242688891478,6.06624901961039,4.79501334683758,5.41326059203654,-1.69887226974843,-1.80990248374892,-1.90448583853919,0.715931620234932,0.103646129029669,0.550072823639185,0.974745619103746,0.060422007869359,0
2.37929870716529,1.5419260918559,7.17214590731378,1.82813390068697,3.69993175799375,-0.863773026641912,-1.57640921963144,-1.2597495117204,0.879388012801753,0.971654500432187,0.71559874958763,0.961135880513964,-0.0175949106723175,1
2.22083827121434,8.34203347837869,9.62914755736445,9.06924840574927,3.38481429802088,-0.65469132898968,-1.78025649187177,-0.949866477159434,0.299025657575788,0.673611130177712,0.582371147817555,0.169113357613094,0.0296880654465338,0
9.58495669833851,6.23444121385344,4.86897173682037,1.75874921271186,3.68485099139406,-0.769186398989789,-1.41993275854713,-1.49573183385714,0.93977701810934,0.268030447187287,0.610658022158505,0.178609217447462,0.032957751363743,0
8.53521191232924,4.73085836625117,7.23899178279175,5.96536326967693,4.61928583208349,-1.60344973653788,-1.60405994724628,-1.41177614829933,0.958417388111339,0.687693864783614,0.509687340290316,0.573018438291318,0.0789924742464109,0
6.69275715433259,9.30203496646335,7.75947077146531,3.91501587173227,3.25465813197247,-0.959847490335267,-1.32290910218529,-0.971901539451908,0.63167323117429,0.854516870379319,0.824335579844151,0.834772685898686,0.0842327457283075,0
1.65148129022849,3.8477188628315,8.63027775791964,1.06480772425928,3.94381713401106,-1.76654148824482,-0.564346231678745,-1.61292941408749,0.71996840226211,0.556117300224996,0.212256111924925,0.128608919118667,-0.0474427672601946,1
6.78613496722665,3.15932718740864,3.29863639617275,0.576478148965863,3.24697194024842,-0.894898260888341,-0.745570405430347,-1.60650327392973,0.710863584249368,0.579256941539812,0.87163562824888,0.0756958487147232,0.0224726567066174,0
9.66566147580132,5.79576118754689,9.36642309976955,5.97249165373718,5.21992721826896,-1.8742088610191,-1.59910563821128,-1.74661271903858,0.0888240140568768,0.570977602190346,0.401292130829934,0.44703667985026,0.0231907435561583,0
3.94363265687887,3.57093744526833,7.03528693474813,9.53559109919688,3.85032799310082,-0.737878391274356,-1.93636559849938,-1.17608400332708,0.102249104337759,0.588159097281006,0.519772370204574,0.676860423509771,0.0276801543775663,0
4.55381225051582,9.47057288339157,4.86135518065656,3.74643820214088,4.60139173574079,-0.761672043584322,-1.93096711383886,-1.90875257831761,0.567164447090967,0.680099984814244,0.962152098441351,0.422701812209602,0.0568939373905074,0
4.52085438021907,7.21603889456736,8.59564285016407,6.44432088582831,4.13157081542301,-1.73722870457661,-1.37980324955677,-1.01453886128963,0.292859278421917,0.788801720745536,0.13907137023057,0.345662830500827,0.0287658963772018,0
5.36147345975603,6.23534956252482,2.51407235088382,3.22084579209363,2.14166245505417,-0.679741282316798,-0.621567503207503,-0.840353669529874,0.674413829495783,0.996035674128062,0.189618651894522,0.604025162243871,0.059566309206251,0
3.39786253444605,5.36541189715009,2.71687033072964,7.42307666381553,3.85182257782119,-1.33650557725276,-0.939344712362718,-1.57597228820571,0.118984516772109,0.464619863313589,0.690060237114267,0.596677888910378,0.0125299034503464,0
5.9849901529861,7.83382790712833,4.67035018974906,8.94152600447043,3.56226836302201,-1.50507136856203,-0.891232842722139,-1.16596415173784,0.379690361469955,0.0545422267248586,0.230356193110925,0.501272225441198,0.0001963994232722,0
6.49346204090255,1.56340201976444,4.93027893397914,1.58762152753285,3.91547539532001,-1.4338793729134,-1.80344215465613,-0.678153867750475,0.592857028492725,0.576962706345158,0.712441617959768,0.764259677633367,0.0058392853387945,0
9.8680145486069,8.32502065678718,9.68565837861752,8.68044439982437,3.48652454458861,-0.600180389049917,-1.10337725348228,-1.78296690205641,0.752715404233298,0.779126331176568,0.752342447424267,0.326388111473029,0.0793480338674922,0
0.865765829868347,3.79957241779442,2.36600063444087,5.90268980070767,3.40354203998884,-0.926669394493953,-1.590801652661,-0.886070992833888,0.980559692440584,0.961780817034066,0.81388351395424,0.907023857121482,0.0440649509129566,0
3.14324965227674,9.13797559592801,7.81874987197183,7.19144267371192,2.95367559917882,-1.44005019296971,-0.566114263975783,-0.947511142233328,0.0550679891600064,0.684656929010403,0.163238204898492,0.275605476928432,0.0124100885385049,0
3.00408333927405,6.9967060509352,7.58973405876661,7.734278349493,5.13397827205702,-1.98262694935845,-1.90887274640386,-1.24247857629471,0.0623565672935045,0.558807726297403,0.425690996419106,0.963536078608973,0.0574305199064419,0
8.86116983165598,5.81428705519037,2.99489349147362,9.22154892291487,3.48384596949234,-1.50160790367944,-1.47761531846598,-0.504622747346922,0.0861181971198181,0.467283767553518,0.202834980373122,0.694665227862836,0.0149263676992176,0
3.5665254932505,8.67369349174964,2.32440940451543,0.681020978089562,3.38560255126523,-1.80321686992103,-0.851433645099984,-0.730952036244213,0.96734997792785,0.835040452480981,0.4639070617941,0.210208176101693,0.0040395109797818,0
5.45177527091411,8.31247102011248,1.93277251211948,9.31363816832786,3.38978776429784,-1.3854524653609,-1.44583539765557,-0.558499901281367,0.344013140848089,0.946359778188546,0.923822432831706,0.99584143455876,0.0557044822248636,0
5.2378483831708,1.81941776899169,1.19902017369365,7.17349996760256,3.24253889250933,-1.16628188997245,-1.38461533764737,-0.691641664889513,0.252417452980387,0.0775317875811062,0.806133334597485,0.318478692163581,-0.0438134672728338,1
8.84027511513415,9.70728466924392,7.95514802750183,9.28879562916509,3.42170123383873,-1.67609853673377,-1.186896350075,-0.558706347029959,0.356697629481974,0.980051758498515,0.467096457671616,0.999328006209408,0.0851524951014927,0
8.87625449394704,1.19402454351117,3.02238772547877,0.527324734864687,5.75033364401321,-1.94186178619822,-1.89568753843185,-1.91278431938314,0.207073868798373,0.702716754650928,0.308665445105358,0.868238151069859,-0.0367340169241024,1
2.29524795364186,3.16695511419686,6.76585461574855,5.80612673858261,3.29901657942297,-0.543321735043591,-1.21561506804253,-1.54007977633685,0.779405605712454,0.104469131126764,0.188337981867157,0.922987647287351,0.0119836306868647,0
9.09338965999672,0.700971491176414,7.4710495999006,6.7878575711129,5.37198918212193,-1.76970155662183,-1.96901776531856,-1.63326986018154,0.312843112048794,0.888328274889934,0.605010075149017,0.550613178819128,0.0018603049193175,0
7.77188385552359,9.14500565776067,6.82798191089029,8.63773562862272,4.67805600830875,-1.96315650033441,-1.08225906108503,-1.63264044688931,0.64963679688065,0.976927910280591,0.558805082945761,0.827380256671524,0.092494846620554,0
3.831532077474,4.74084553661976,8.61116979988901,3.02997862289477,4.71706181194789,-1.95127282345305,-1.33322559416824,-1.4325633943266,0.48385496348888,0.945967020674516,0.766044764981396,0.456991822782626,0.0533011147592742,0
5.82041141784154,9.13259076629052,2.33108714920706,8.32882353523036,3.23886181301913,-0.628799349003751,-1.26566875597084,-1.34439370804454,0.50894416812297,0.871941656759508,0.506912346919404,0.220590524758601,0.0329257764136909,0
7.66847092638522,9.52094872551776,6.92384310833683,5.58365904993629,3.00176156618108,-1.33748283722386,-0.529436048049992,-1.13484268090723,0.515895877827543,0.847756203200142,0.0856986049438454,0.759488737116678,0.059691593577152,0
8.80641475807672,5.47953052224814,8.82392927958304,3.09266869135635,2.94146975610203,-0.667323202924395,-0.540435719236475,-1.73371083394116,0.384700910711153,0.283033917399538,0.545224895577586,0.72764169627164,0.0214850923030592,0
6.24363177949216,4.0682333805537,5.20247636219428,5.73660171285369,3.61362485738592,-1.71019932014806,-1.29855679319921,-0.604868744038651,0.762506287329226,0.0947348272753391,0.801369646427127,0.491513929984752,0.0600472878977393,0
3.24468113076545,8.7619406725134,5.31866081604634,9.63906867411097,3.56896100914252,-0.82792834723827,-1.00661563496235,-1.7344170269419,0.643409093776188,0.420531886818239,0.989405096087562,0.565559636872228,0.0530495692075834,0
7.94069140387737,2.54493497222852,4.37423980419568,2.04795654904208,3.4546796369393,-1.66585230806107,-1.19256002465565,-0.596267304222577,0.743399407675894,0.401875483711795,0.915030777334638,0.236854836540752,0.0262850745145647,0
8.65634570382934,4.271824789633,2.29560322992293,6.66174403727101,4.04056610416362,-1.6288614853102,-1.21199718829859,-1.19970743055483,0.96377423393343,0.519279106584802,0.221222333936633,0.367838097487288,0.0384336462564365,0
9.25300152745567,2.78707569798288,1.11044152153194,0.528990403694217,2.72483538661574,-1.1723802288938,-0.520122407610109,-1.03233275011183,0.412860416853896,0.643689968149471,0.736959463222446,0.272275134050855,-0.0381057431810939,1
6.75710111869567,9.19404878883173,4.87936316494675,6.20105288499996,4.90193740346669,-1.28512405168469,-1.80354921258996,-1.81326413919204,0.83815924803009,0.141131432694041,0.531515376396505,0.19872793659317,0.0346496484641918,0
7.66154663390919,2.17508852725067,4.2724152342318,6.19358018022412,4.79122133885056,-1.61617321902458,-1.33550570281781,-1.83954241700817,0.406327914485703,0.945699520643989,0.959658059696705,0.0955456967723428,0.0193265335816853,0
1.52524331357918,9.63256139321838,8.79351870617992,4.78560563829029,4.12753418833466,-1.19045146120255,-1.51193325060119,-1.42514947653092,0.437964162965701,0.463078148129084,0.680854751713155,0.38721178354941,0.0185180761666124,0
8.01311357206719,2.77334030631088,9.65109668808712,4.71584677656852,3.30922417397468,-1.55182533068509,-1.0671444074113,-0.690254435878294,0.363386519686454,0.26138413148674,0.602678040846817,0.27838633098134,0.0123335205792637,0
3.45465991690345,7.09969241598513,5.4495739232033,8.40636425918614,3.43414816724874,-0.531531645784026,-1.00675512137297,-1.89586140009174,0.527737953006296,0.334112870647369,0.294272578061647,0.347974221066011,0.0056665242320454,0
2.54155043135062,0.521421089851332,9.43752192434428,8.56584209013753,5.18948555379552,-1.6980174033733,-1.99486320046489,-1.49660494995733,0.539580063147615,0.41922833595289,0.125593314683619,0.578337381805305,-0.0363376605896526,1
5.32791732771655,8.02201159905385,8.34985554380316,0.594034075900889,3.19466667196399,-0.587805609477486,-1.53638046160949,-1.07048060087701,0.624761962930414,0.957751683486683,0.376178264648598,0.932930221681788,0.0218419707133023,0
6.85039807609406,3.49870834476264,2.88891658744508,5.91596381365992,2.14749047393182,-0.719718334104889,-0.633760795565101,-0.794011344261828,0.865050101629853,0.582197666684875,0.703055411614499,0.692305083652845,0.0683760757377392,0
0.85335761040207,6.96354166114585,2.22448827172173,2.97179005476813,4.12065678580772,-1.66333030796162,-1.31924557805061,-1.13808089979549,0.104235485299719,0.884557485996365,0.318862524432797,0.120964233157833,-0.0095501169174349,1
7.25638022484186,5.42233391984632,3.30270911826493,2.61726747863231,2.72565701572364,-0.60205915683253,-1.25036654397269,-0.873231314918422,0.653466635121803,0.433463618587672,0.949053208454673,0.823970641718134,0.0523859141099331,0
2.92059902284512,8.39995275606755,2.95876540144651,7.369639120086,4.72803964471511,-1.96921883612379,-1.30815017472159,-1.45067063386973,0.415604011253642,0.62636906946647,0.241931260636576,0.735191399914731,0.0325975502719674,0
4.77294387595675,4.52552191577301,4.84658672578046,8.61946122243817,4.87659692388346,-1.98568060285202,-1.36383685542066,-1.52707946561078,0.762916790232534,0.631626638519431,0.835817584076114,0.0763030237669416,0.0620419213326478,0
1.99187333731562,2.52734826232478,1.45184673204243,5.50016558295784,3.80997383693786,-1.87942880143062,-1.13930621379124,-0.791238821716001,0.912735717395816,0.992433377482486,0.0791187955610512,0.543892905887655,0.0057229313463621,0
6.74349052270513,3.77367942453895,5.11714018906009,8.36090852953548,4.16373965969661,-0.981956235196593,-1.43907030723837,-1.74271311726165,0.357200205495543,0.669878425844333,0.364549553543109,0.539606695657329,0.0330811433065452,0
5.43161794271762,5.34076143397825,0.81600009462873,8.91702392623344,3.56424950427567,-1.45909063542656,-0.649421670999832,-1.45573719784928,0.366680400680938,0.97853664722771,0.65256894028259,0.543973473076677,0.0215953741236374,0
5.36574054610707,4.61019291574382,7.57116422904093,5.89256685306126,3.98641104068382,-1.55589887659603,-1.05258231373479,-1.377929850353,0.72231886882085,0.502943481854885,0.941827498796091,0.293031332818781,0.0710473009906682,0
6.64687844908291,8.36914609958352,5.0330785308314,2.50813842271792,4.04825611892017,-1.42559439872581,-1.22255447878506,-1.4001072414093,0.213088990807793,0.855914097663623,0.409195822056787,0.811516126131371,0.0296867220142442,0
1.88655292542194,8.68769001070539,1.3390881033831,3.31997568358642,3.95729877120835,-1.20833009735332,-1.1011084124363,-1.64786026141873,0.278453553243169,0.758168829914499,0.533669411429232,0.106166927384026,-0.030269421361223,1
2.04707787410168,8.19347921175027,9.60295432170427,9.26225112186221,3.55157825604128,-0.669944484577409,-1.65366371269381,-1.22797005877006,0.86278596090308,0.91009302261728,0.596016148374138,0.48134679882178,0.0471177141064877,0
6.09189990927591,9.59320906631126,1.5773826987581,9.54537318079572,2.92089378865182,-1.6147501999545,-0.565186048252857,-0.740957540444459,0.602917398604564,0.516079992644762,0.138504869255939,0.17274798350428,0.0126726981348328,0
7.53928051251716,5.80037560493252,5.25645110979785,5.68710762173714,3.95013363965432,-1.55470360854659,-1.34600545472462,-1.04942457638311,0.14315876832454,0.591972133519573,0.195637479188711,0.93700606023547,0.0456033416679971,0
2.36739703418622,9.09308790001993,4.2322892645375,8.87271001337348,2.89430050309558,-0.77701955945011,-1.04131417165768,-1.07596677198779,0.180869278519042,0.686713523931921,0.951358082502037,0.433712526704416,0.0385111589989629,0
5.77310183330941,3.45720722578354,7.92887466906322,7.9358978703754,3.45755959733846,-0.826795933710237,-1.58731580803557,-1.04344785559265,0.642290518404708,0.571415751723616,0.3798125628158,0.522990485504746,0.0452716917857571,0
1.22272463893055,6.31172465230672,2.78518662244431,6.67919248867092,3.12398703332258,-1.80059156793237,-0.635539988824911,-0.687855476565298,0.155357036089987,0.573847677876853,0.14307979897706,0.408130927363093,-0.0128934352189752,1
8.15058470236694,0.93973385643299,6.9039692611162,9.47055342927172,3.57862177366989,-0.654987301665277,-1.3072969202267,-1.61633755177791,0.250506503752969,0.361493197757637,0.976048130575934,0.879646712106009,0.0505067163077248,0
6.63026407152034,4.36745619669236,1.03526252670768,7.91279477478975,3.73216248000939,-0.605543884780654,-1.9354859924169,-1.19113260281184,0.997623715400771,0.395696196408843,0.464895574346617,0.948956481863506,0.0578623485731479,0
4.71489698118813,1.12595202273984,3.34271367869809,7.39429917650919,4.91875390110302,-1.92676128711462,-1.03828966713264,-1.95370294685576,0.967877217636545,0.315757766338572,0.686775384606118,0.339956502733189,0.0275892689512298,0
2.80596561766462,6.62186578784124,5.3215835151046,9.76812843357287,3.89042659315065,-1.90490438950651,-1.04307129261172,-0.94245091103242,0.720332793946819,0.837304062818273,0.17329117401826,0.44306883754944,0.0291172304899789,0
6.07260824991848,5.56393516672422,1.14269967884974,3.09547284689753,2.15518335687179,-0.7238466732434,-0.852865245733131,-0.578471437895263,0.340352375094596,0.518745250565615,0.160526773718548,0.871538995521414,0.0066473094337309,0
5.37084765054955,2.33285929737289,4.39531690988503,5.11753518197839,2.73929023817587,-0.759839764532912,-0.951863937038754,-1.0275865366042,0.583743953656852,0.169850408823603,0.724734102766965,0.184575917105564,0.0146841045472099,0
0.800382945655438,6.7519861421942,9.12378415961033,9.73812935716426,2.75407376810083,-0.514104056915664,-1.12566365013712,-1.11430606104805,0.349253178410956,0.820216166587225,0.547272458101193,0.312000379444427,0.0294714205492732,0
3.27201259335022,3.53025292885009,1.4921183280169,7.53745026117124,1.88851683742306,-0.666118320425181,-0.674936212645704,-0.547462304352177,0.762363124709112,0.993730112034652,0.224943084707864,0.073300108665619,0.0079754849748781,0
3.01566069086265,1.53939712332642,0.601978394435998,4.27423541033781,2.40951756056022,-1.368326394022,-0.505592938552052,-0.53559822798617,0.989935923324565,0.536953147762866,0.346979481753809,0.770169285889639,0.016640130650969,0
3.41574585810709,1.36080419269764,8.25949050253518,0.605361636777653,3.40678477925104,-0.953680716356926,-0.741343890579383,-1.71176017231473,0.574909625213294,0.247802858731407,0.200081014035117,0.294589421487492,-0.0253238550258053,1
7.0491741557669,2.81762332160649,6.30397361078779,2.27619093495685,4.59708728284825,-1.70091038616999,-1.79575520707328,-1.10042168960498,0.69564719611543,0.519547831844215,0.578558594825881,0.196283937730554,0.0261898022175123,0
1.68928582641179,6.49126053950777,9.05060385524022,6.99155161957714,2.84092159415212,-0.943888933612045,-0.572035041144397,-1.32499761939568,0.881304737936679,0.688389532894308,0.963854849387951,0.540819728956076,0.0512202504597729,0
9.59179908816163,0.777076108040672,2.91248224233498,9.53234403861316,2.33339706179586,-0.719344251842156,-0.962058566282538,-0.651994243671163,0.708185504311582,0.713165266818808,0.415525900261232,0.548514042265477,-0.0020910490325404,1
5.35082856130621,3.31783864745869,3.62783662998354,5.09010361683633,4.33651959750432,-1.74766122653123,-1.64213700153901,-0.946721369434078,0.407797743140854,0.915428165940946,0.999336183777892,0.763454050137439,0.0920415954554667,0
6.48269414224954,7.32015859650163,9.31521840247423,3.61643983150858,3.69509908525716,-1.06714026784623,-1.03907016217593,-1.588888655235,0.702439560812347,0.423081150257988,0.288622617277964,0.52969691871803,0.0382558840997149,0
2.69174914345498,9.63529268060332,9.0048450411943,8.14676345960245,3.14851281526592,-0.808768319266662,-1.81166729243466,-0.528077203564602,0.868792927074918,0.453940175438356,0.703986862731532,0.967074648702067,0.06178769740569,0
2.04924078972793,5.53431799306499,3.96528879053328,9.98173932675417,3.98754099852057,-1.56690549713057,-1.47256135711053,-0.948074144279468,0.921398627998253,0.247293116542251,0.17230692692419,0.247992369371488,-0.0466292269129663,1
3.36830772784842,7.37547638606851,5.74556365947258,2.59312087520866,3.94830367471999,-1.16417992834724,-0.903357658772252,-1.8807660876005,0.364444907336279,0.625497027200638,0.625736454202611,0.342690756405123,0.0273580989651871,0
2.82726241447657,2.68948497159549,4.65463098864371,1.67705857582324,2.70971065234415,-1.57160600819314,-0.515720006287622,-0.622384637863387,0.792643584961419,0.573553106426634,0.422439992562438,0.937283672746176,0.0303760030501426,0
2.23773290135192,8.17595318163888,6.93147999746144,9.33350753292974,3.08790610999045,-1.1781519578549,-1.02308317600617,-0.886670976129384,0.209208622058848,0.24224299501321,0.549238862952623,0.913444490028832,0.042536174894202,0
3.76983532286409,3.2382025744995,6.28047764948673,3.10535542185677,4.7197174494066,-1.04487869802188,-1.67491241965429,-1.99992633173043,0.599853479388944,0.465571049958799,0.228553442010827,0.745867231592266,0.0199330945597977,0
2.72362057892381,5.75272739407992,8.08061373895983,4.47738719941996,5.38389005823563,-1.66271469721898,-1.88058464441549,-1.84059071660116,0.843096939096898,0.57746209961775,0.412126090171477,0.570063870390565,0.0393146986632906,0
9.36171515903525,4.94504509652362,7.16587103399733,4.80956323572126,3.20891783864466,-1.41484685833581,-0.61276292040298,-1.18130805990587,0.426900080741674,0.29326567949297,0.331895969298974,0.691286451335292,0.0278699398768806,0
2.0459674844253,2.76609879148746,5.35965605550901,5.07607206098938,4.86491513607348,-1.91731451341591,-0.959985992533388,-1.98761463012418,0.874373600714664,0.796851822779046,0.133126646148292,0.30860906218028,-0.0105991923807019,1
4.69476209028704,3.04246899278116,6.67842038542986,3.70911708626231,3.09012003793165,-0.896348101051955,-1.18877900870766,-1.00499292817203,0.583486007791146,0.856594977293105,0.494477253469888,0.0568040215252899,0.0229892905229741,0
8.53352749044229,6.51571512458941,2.75723577039477,5.73463673168914,4.73370016930991,-1.52025626701826,-1.93515147537426,-1.27829242691739,0.74146625500626,0.749138488171136,0.890709967387756,0.586407656923625,0.067459951075414,0
6.24887203364949,5.53327796347024,5.93771207754053,7.3552932907411,2.88727263080509,-0.866224145766266,-1.03332335998198,-0.987725125056843,0.313240549464748,0.914950034539843,0.681599568613581,0.369313446707488,0.0678619228857281,0
5.31021358004922,4.98714490569672,3.31713063735014,4.38894746163801,3.45260842661446,-1.09160914808962,-1.46041167153562,-0.90058760698922,0.0783828850363928,0.84712697666537,0.471971348182323,0.335858771069065,0.0188788587311549,0
1.8424541376565,5.54798915245286,6.13811885452172,6.87312412651617,4.06964520308043,-1.24915892459814,-1.91120678794144,-0.909279490540852,0.917014814676662,0.159697746001658,0.993500064291746,0.660718348315327,0.0459940254474612,0
3.63474478949534,3.96837203514409,1.805220901386,3.20677589169417,4.85909606401317,-1.939816299643,-1.96634733439862,-0.952932429971546,0.827793156735649,0.855088681676891,0.24762192973916,0.640637582098023,0.0586261946855811,0
8.13440547696528,2.76766170936802,5.04541444069305,9.45218872459789,3.28353311003975,-1.91619906320318,-0.61114074347656,-0.75619330336001,0.58430786828284,0.708905705403108,0.145035468028568,0.113651217974989,-0.0108327606103617,1
5.45866152779746,4.30007371506391,3.52249578026396,4.86922080418852,3.01974835866045,-1.10553972126299,-0.54318767696867,-1.37102096042879,0.192067817923942,0.511808810426136,0.820327542766887,0.554115935430809,0.0411260994478007,0
7.46029774840084,9.74817384068206,8.20707274988558,6.44630745495592,4.01121237194242,-1.85862021429455,-1.21657623695658,-0.936015920691285,0.858448435579492,0.938017314023967,0.271399539413796,0.804834156681746,0.0862074611696188,0
6.7510966259013,5.88017536346634,4.89768957671573,9.0713947187819,2.50815571022742,-1.44814903145492,-0.519022184931627,-0.54098449384087,0.88302785135777,0.480177332578044,0.0649107314024365,0.0661379364666739,0.0258526183938817,0
5.53642029843101,3.15274974262342,7.66778462864975,3.2642421343397,4.86512289649516,-1.89193109420153,-1.74576710623443,-1.2274246960592,0.149886532935465,0.971084833047901,0.589694978052732,0.684036421277968,0.0294263475678607,0
9.40244308191306,8.37120062931734,0.799615924606693,8.33556962526455,3.31111035047604,-1.8557398835281,-0.539740851561585,-0.915629615386354,0.619337410303653,0.641665307186812,0.177069473763688,0.675030017935593,0.0515164818661058,0
5.39376822712636,8.50278246872576,1.6503058274627,5.97853341440779,3.09215793210016,-1.36038535369325,-0.584545426555362,-1.14722715185155,0.81777574745003,0.571191708968494,0.701033898401096,0.734914970722441,0.0519634062569101,0
6.68626752179317,3.35657989062717,2.75201493420658,2.74372286271666,3.50435253396806,-0.822974555732741,-1.21349457228803,-1.46788340594729,0.495061147952244,0.967067337505453,0.498941067258496,0.103271467516111,0.0106956121216617,0
3.64612163828178,0.667889859288477,0.606376326212345,6.10210126588239,1.93031653434355,-0.593185604416218,-0.744966712428664,-0.592164217498666,0.829406926362435,0.411789028707585,0.522686478233578,0.799688891913645,-0.0107206980093166,1
1.21845904219549,9.14823782983346,6.0805718032558,9.70823308825913,3.72385247901804,-1.22006234029043,-0.872429278171039,-1.63136086055657,0.0595154865180817,0.431466069252329,0.981938521131937,0.842501436265226,0.0603762557668523,0
6.84469992482495,4.65965577335001,1.1749581336282,6.55895895909707,3.19937074274292,-0.834139370586525,-0.77866456572772,-1.58656680642868,0.0637758863596467,0.812295446247176,0.880959838994374,0.813308215390618,0.0209577183231876,0
1.66601947221904,5.64046654691567,4.60774553365619,5.12459548300271,3.33726199554383,-0.769422754329455,-0.906075143919978,-1.6617640972944,0.587064670276778,0.916512500198869,0.990560988547782,0.217038239258475,0.0597366788701003,0
5.02245843668382,5.90250823978853,2.70589311151967,3.18320756667169,3.3478128797606,-0.735285193107522,-1.50229419277228,-1.1102334938808,0.850156491461587,0.484117481043143,0.604284395197117,0.587726964695061,0.0550789834849711,0
5.11767454700221,3.08895990695651,2.97681956144546,2.46686861820058,4.1177342818202,-1.6157229458156,-1.68681821419194,-0.815193121812656,0.975329105039771,0.131288047558623,0.624944832593058,0.319099276243021,0.0224689256543333,0
2.63089135013563,2.63096345584083,4.80052799353468,3.57650191346309,1.98361509932969,-0.66505161453702,-0.689970778868569,-0.628592705924099,0.811833444522944,0.754973456457914,0.823336707789778,0.629232188856902,0.0757684863308857,0
2.25849423722442,7.49312854686205,8.29619019206733,6.18126626026618,4.13506291262956,-1.61175698109414,-0.868672900179261,-1.65463303135616,0.323275190244457,0.0551018971675402,0.931655623064413,0.675603939570475,0.0387331944538372,0
1.96838571571333,1.55868271705555,9.3707705749382,1.99036564416134,3.94919513527646,-0.92439701458757,-1.61879390950531,-1.40600421118358,0.217208736972049,0.975741230716084,0.676881562908251,0.977209619177941,-0.0236356937879783,1
2.15816464103604,8.66451426891726,1.55235935417082,9.6414260460696,3.20872224936368,-0.648808980649163,-1.48574187208852,-1.074171396626,0.14713050386436,0.537682816868797,0.554673351238044,0.925768900849067,0.0214120568966334,0
1.62961612843575,6.28841480600003,8.13640139139676,7.95899088857872,4.01642627701624,-1.6104677477611,-1.23692241748945,-1.16903611176569,0.131133653015106,0.987025494974704,0.405819129451906,0.532202492905583,0.0510881179232407,0
3.52895112814361,4.36450895962785,7.31219808888882,7.45362919553572,4.19946418234877,-1.51328656023935,-1.29164460505719,-1.39453301705223,0.701372261586952,0.369554957111156,0.116643120979937,0.521880614328096,0.0115412537224266,0
1.28024088987458,4.76632436159067,0.765147721961478,7.11383201491213,2.36775096227881,-0.561484987724584,-0.736515283384104,-1.06975069117012,0.642761656063991,0.701868116104606,0.104912854036615,0.213134230358767,-0.021181388184891,1
8.23973330379769,2.22708359420564,9.48415150263341,6.90627949609256,4.22656257265465,-1.79113628800599,-1.08694785326608,-1.34847843138258,0.235210902135706,0.653082583313966,0.432305649330639,0.386646061987013,0.0001877875150849,0
0.619439739398891,4.88259159238166,3.36041993669417,4.2080110925687,3.98119643740955,-1.43849249972145,-1.83780921086691,-0.704894726821186,0.916918711734964,0.966402036565789,0.601257891852851,0.143505393744984,-0.0003655425932777,1
3.74705678682012,7.35017757123422,7.32214821106311,8.67882426623548,3.53687501995508,-1.51756584194753,-0.777285786994244,-1.24202339101331,0.303608131810565,0.687002468496572,0.616493195633729,0.0861577948245674,0.0343175861549897,0
5.48219927298202,4.89067426386614,8.73539596994809,7.40238610394623,2.93899129277993,-0.711521332835092,-0.557653940056206,-1.66981601988863,0.216940464228974,0.285608934418721,0.959997045006488,0.212945938285333,0.0359427379612553,0
8.64406686771528,8.77535705985979,8.9589097946972,4.47307690604937,3.38219380586279,-0.984478756159486,-1.77803833030253,-0.619676719400776,0.499451984264553,0.918452880069988,0.867627670365922,0.17140276284956,0.0734377240746466,0
9.37475747973474,7.67884324599953,7.98317038038707,2.30146209966625,2.42425175200469,-1.26426086982777,-0.611978132467601,-0.548012749709317,0.242268490098109,0.799688709290935,0.241350363875304,0.276263935282204,0.020199630622984,0
9.27894267228078,4.57299124410223,5.61063237882283,3.53052857426073,3.44959405343794,-1.46046924327343,-1.17231865653525,-0.816806153629255,0.673510698503434,0.975578700783761,0.731890889521794,0.153240126404702,0.0595856779684121,0
6.39799912834181,3.59589216004881,5.53441211935217,8.28413345976644,3.81152723903985,-1.0553117414616,-1.76189674859974,-0.994318748978514,0.897182056899412,0.442765924176632,0.649142987817399,0.217822787188441,0.0555772374420531,0
9.54868028392242,2.9607534198306,1.3158093461755,4.09855182585359,3.23234984777873,-1.6915732448552,-0.900970395380515,-0.639806207543018,0.784750126302958,0.113063370840932,0.90564416127297,0.149286953459781,-0.0351228411874249,1
5.85615264877847,5.29279922822644,4.27127839683003,8.96804267604245,3.84407871319991,-1.53068649359484,-0.769519855631084,-1.54387236397399,0.626441328798194,0.488316103583986,0.924170968108781,0.0702345899470616,0.0496432533898349,0
3.76335240539008,9.68754325509449,1.85668969186464,4.7369593848373,2.58325855270761,-0.579925509618793,-0.586533806232538,-1.41679923685628,0.210186793550642,0.13193472363226,0.710341694470423,0.41055447196154,-0.0354963718186075,1
3.57631668783254,9.07452943164862,5.29146492212664,3.63079627269175,3.7200336726938,-1.33983518713195,-1.47783352637134,-0.902364959190507,0.170296252885895,0.415657226488158,0.737713950309079,0.269030830897019,0.0087660960400135,0
8.23342151360579,5.75921364096011,8.65532651902124,1.33147612596286,4.84665539202844,-1.41828970837941,-1.46816165057777,-1.96020403307126,0.49779117620107,0.147028347622819,0.6711251356185,0.947425466437085,0.0015700843444432,0
4.19872518903587,7.39898283788937,7.68038258894804,3.30260686725643,3.72284159376284,-1.61633697446812,-1.17953361270217,-0.926971006592549,0.620238608829001,0.126477012689528,0.364722345427625,0.557131881433802,0.0031304551994683,0
3.17815227999046,2.59144622146132,7.7838886877769,8.34744898422355,4.55131342215019,-0.837797396014258,-1.84581109661473,-1.8677049295212,0.204965150598016,0.560466456696945,0.230187201483744,0.906609598786383,0.017087332900906,0
3.35907541816215,4.79710857578883,1.92402470471434,8.37152128787673,4.37233841877621,-1.91682123595516,-1.8276882928987,-0.627828889922355,0.262291232540407,0.467428455205469,0.317817519833413,0.883281787336107,0.0172073707609211,0
6.52552522137581,9.50803735977465,2.10542625292185,4.6087822958591,5.65548739956901,-1.81323077776134,-1.84844238882244,-1.99381423298523,0.541402090886453,0.356416358629753,0.240625852112506,0.640548237667927,0.0161584668300016,0
2.77091430254901,3.76681603450578,8.0382774350021,4.32926904870747,3.43137651915434,-1.15172942423918,-1.12612871258091,-1.15351838233425,0.89867189859538,0.393408788169466,0.845625920910448,0.795196896807116,0.0548739646960366,0
9.08208291505028,6.83102956126333,9.6376247504891,3.45047482985324,4.5893889504929,-1.63872809415396,-1.78060481689118,-1.17005603944776,0.349748581808596,0.485983501311368,0.414370067261246,0.223367555064752,0.0212953224658178,0
6.79853330881654,5.53839955544871,7.41867148705863,9.13633674718733,2.76823025781875,-1.24239240144284,-0.563909571338014,-0.961928285037901,0.711969250059985,0.408993835262634,0.80169276661438,0.0881329167526378,0.0563632668076493,0
8.9447623770576,3.96109355256067,4.8046171876751,3.14490794129989,4.34366248340775,-0.678415523779788,-1.91001517681696,-1.755231782811,0.724805255958419,0.887172290329819,0.617046241780702,0.678326405469751,0.0570208604591365,0
1.35257860904039,3.02416656393352,9.84072979898774,8.02210492547143,3.14615509241883,-1.61716710998922,-0.969328127595258,-0.559659854834352,0.44842526076235,0.243764393630648,0.773698234688764,0.498244986762911,0.0119793840412144,0
8.84857383924492,9.96929741914552,8.68821068745841,1.16448028749857,3.96534583985988,-1.49564740061457,-1.64015771203537,-0.82954072720994,0.0763001284224191,0.245691739781705,0.960573693403802,0.741149948705989,0.0039338582933822,0
8.01793553027376,0.923937257554394,9.40614972634077,9.66818401262788,2.55372710170203,-0.871428564327885,-0.532566403909493,-1.14973213346465,0.829099726289173,0.542300297160988,0.958324813018981,0.888991740098858,0.0668480075804662,0
5.14003420015087,6.94345236222883,3.64955524099794,3.52748735528139,3.31221913607911,-1.70846939336463,-0.850056233625277,-0.753693509089202,0.520336739742599,0.954623972747441,0.663749189943449,0.241332808310434,0.0572080351393311,0
7.46999297578585,2.19439010439099,4.74630553206626,5.71588043478338,2.5485287605847,-1.22075920666414,-0.804252036954521,-0.523517516966036,0.963020058794335,0.329818334220248,0.0848780309539603,0.670863823212535,0.0404436713493243,0
2.36936886790424,2.69266627621928,3.01600347144532,6.572452372809,2.33851942847993,-0.951938171902206,-0.613268998706993,-0.773312257870729,0.757518245708669,0.400462061111357,0.933656755351861,0.934261466397899,0.0495822721120364,0
6.67923675190917,8.53240372638248,6.01494525313563,8.64342895415812,3.47931565073492,-0.683523116386414,-1.23470295830356,-1.56108957604495,0.665602525633558,0.613527804309365,0.9770269184228,0.79406183931422,0.0934347057307112,0
1.7880288651603,4.72579707482614,6.03298798786893,1.64491169505643,3.59510983447944,-1.58816669856268,-0.768948783185601,-1.23799435273116,0.990813001768257,0.617206015722022,0.894943233020742,0.635313751261515,0.0341092559793,0
9.61650407922049,9.30025606522098,4.37974912970983,8.61053049977892,2.91804972432253,-0.835286134406575,-0.665079562167288,-1.41768402774867,0.310847259340947,0.0757910723113455,0.381293258011375,0.828546774866857,0.0300601010628978,0
6.81602137702528,5.01767835396953,9.19379620159034,3.65174031597601,4.0314082360998,-1.21975161132473,-1.71365101176155,-1.09800561301352,0.25993270605781,0.348274639883591,0.311826755653396,0.949067502690186,0.0155900858973975,0
8.33152216831637,6.39738121413234,7.48517426608769,1.56544446700588,4.43889576310397,-1.16825193319872,-1.85371829272197,-1.41692553718328,0.593092563820102,0.319841885066363,0.651824679889522,0.331577582686996,0.0314358747198893,0
2.38925814116405,2.36679048183631,7.70359905767988,8.07986477278728,3.80137266598837,-1.28214973996761,-1.02582618942506,-1.4933967365957,0.286380717502856,0.258147249331154,0.0874828783047956,0.927541759807543,0.0015283736220516,0
4.41118528837636,5.50786039798389,6.31612893795684,8.43798810696058,3.26876318222695,-1.2359294313398,-0.849871309767174,-1.18296244111998,0.777046100458571,0.154384790860149,0.488188621215326,0.699462206121186,0.0492643105146269,0
7.28378752134531,3.13014048096302,3.30807324394244,0.954766921560233,4.36980746490449,-0.851072333484352,-1.62456060156891,-1.89417452985123,0.469659865957964,0.82582599517811,0.995034395529521,0.246715232540822,0.0197629914080802,0
9.93703422165225,5.77797219654998,7.11657655096215,5.83861050063755,3.22639552283239,-1.23734597013505,-1.05073558101826,-0.938313971679076,0.229586702152021,0.50784101661342,0.24174468823945,0.770991324551728,0.0365957003142203,0
8.48331835412564,9.97530904042809,1.72591279768203,9.14537607971134,3.52577935972391,-0.63495928322369,-1.94202963844034,-0.94879043805988,0.772499091621429,0.533019815657953,0.254119933721439,0.145362805809388,0.0296590095669929,0
7.05541759893631,9.29325038965817,3.18160915156823,1.91499494658575,2.89909701661337,-0.890293942233489,-0.747120202093501,-1.26168287228638,0.561132212107971,0.508757938265097,0.683634539650139,0.436099394664852,0.0099509179259237,0
2.21564254750586,5.18502322657192,5.30278258772673,3.353347380239,3.63974704077233,-1.40198577772464,-1.20988882121738,-1.02787244183031,0.106690989751877,0.708631392180068,0.458666557988718,0.391620290725107,0.0134711649179612,0
6.9610770664173,2.24381594750369,1.2207857554835,8.59281516080724,4.83319533367177,-1.71976487372204,-1.83991894962831,-1.27351151032142,0.809983481077604,0.82317879321936,0.318813760874846,0.488108872619004,0.0111617599248011,0
6.84901001651464,3.48192666650508,2.61148581656502,1.83995833042059,4.48307538836233,-1.8965783180904,-1.88320363612309,-0.703293434148841,0.226247460704993,0.707802516199527,0.562513652994843,0.80596293720326,-0.0056840621411393,1
4.94665308072214,9.7081018888806,4.67147326837898,6.45936509233781,3.86501880449189,-1.93397720182792,-1.32766518778019,-0.603376414883777,0.817298117898156,0.65352369223262,0.708286130195871,0.934379984007351,0.0864994711295416,0
9.67085288478043,4.70792657930986,8.08605939660894,7.65113464373953,4.59232915567621,-1.88332519087533,-1.636922309746,-1.07208165505488,0.127482058363698,0.519915913364629,0.130020626225019,0.87857460929299,0.0316360061018937,0
1.07965182626804,9.02224241523543,9.13127868574731,8.03780038744875,2.50282014081352,-0.617978248994704,-1.2561347721763,-0.628707119642512,0.638684190827145,0.241996008477912,0.122565111344275,0.202415069026459,-0.0283106668415816,1
5.4648864607083,2.50435293166923,7.68636480673434,8.37767624308021,4.99513217112327,-1.97911120753054,-1.41537795229412,-1.60064301129861,0.294239231599031,0.839369899049844,0.0647137580260949,0.41129276216518,-0.0176954956686313,1
3.17722209090736,5.49077997300725,4.10399815984348,9.95839142165957,2.41288554366123,-0.865845972515223,-1.03550108077538,-0.511538490370626,0.833098512479604,0.425983850714484,0.874126602646587,0.713600990709247,0.0422048458534784,0
4.34851555607708,4.54905845145016,8.98702680063989,4.14566403339844,2.88827486144572,-1.51586418556854,-0.790437243430223,-0.581973432446958,0.979039458285455,0.365685051147991,0.992847052367711,0.985905733366837,0.0819499777711258,0
6.03505715988596,5.98264094797955,5.3402527918921,5.71229143464856,3.97630401220553,-1.6125165471724,-0.989841922960035,-1.37394554207309,0.385578992873542,0.975265734130028,0.832567033506804,0.717310069302532,0.0963148977286073,0
3.96226807509447,4.92912011295367,3.50603318647568,1.93072877830304,1.68735626520587,-0.594562763689202,-0.513030891137198,-0.579762610379467,0.0956659805089666,0.302757918453112,0.700664555750193,0.21188567277271,-0.043898578534375,1
6.67381927335826,5.3355445067741,4.06690131696577,1.95892221606534,2.91387340524487,-1.04922848464178,-1.35493447857818,-0.509710442024912,0.660825790709127,0.67926546449282,0.788007502890079,0.0872223632965714,0.0516239061334578,0
1.71552966516635,5.47281432519266,3.23518278825092,2.532465708761,4.82753779480902,-1.63900144323512,-1.32171739276169,-1.86681895881221,0.083346972660824,0.198586651304513,0.312604733165804,0.914943058410537,-0.015552036439342,1
5.93729698902831,0.842845041265408,7.58171688121591,2.32668705545557,2.86711181399521,-0.528235037457338,-0.691843519485253,-1.64703325705262,0.504870780250881,0.330558576723038,0.625632589262774,0.973474675811928,0.0018687781906185,0
3.14003184481189,3.76203771802105,7.59470741095608,9.62853883766251,3.43138047992868,-0.552155308916117,-0.904723800892453,-1.97450137012011,0.492502489054888,0.240887866018852,0.964004905670395,0.187825158748382,0.0248351675111115,0
7.96851025889864,7.44556875323069,7.82471978962584,5.82105966273511,4.40034357025156,-1.75619712982588,-0.90857503072113,-1.73557140970455,0.861771158243474,0.190179730383004,0.889382289363453,0.992311282229401,0.0914366643627262,0
1.73777414798518,8.28434588269291,5.00449520218931,9.75232643440193,4.04542786639386,-1.68526476407463,-1.11320916870502,-1.24695393361421,0.740640286308593,0.661016409041894,0.161353998394258,0.26083045902634,-0.0096191249925244,1
7.15973412032925,0.690352802756417,7.60542683142364,6.68807597465731,3.99357293048561,-0.988489481726999,-1.88823723667418,-1.11684621208443,0.725685381702669,0.374974008896985,0.509747284881541,0.826091084711199,0.0509850773325719,0
6.85732085746005,0.784609131931933,3.73823137102545,3.49200656970328,4.1744646259378,-1.90937550667273,-0.544124762735155,-1.72096435652991,0.785118471872652,0.548553185299662,0.422883702804679,0.956887773939992,0.022990348599608,0
3.49354912017726,6.57950984888849,2.8710977855815,8.20550353318809,2.04664299860137,-0.513172956124623,-0.625150683456392,-0.908319359020353,0.240243998206789,0.29566367480395,0.637037192229352,0.550972396214301,0.0020660673841238,0
7.42466363742382,6.13704322956864,6.86737093143775,3.90583726160723,4.67615620223509,-1.6026638142157,-1.58943769885682,-1.48405468916257,0.593173644535368,0.542787169696278,0.424533321579623,0.772999273359061,0.0601434275231239,0
5.15720793117622,2.00782346690396,8.80361911700557,2.41676663314032,5.11895032078558,-1.87120053855941,-1.26717209393015,-1.98057768829602,0.956731018131397,0.268357258173259,0.304941830290097,0.701846340797981,0.0109516866286123,0
3.49200402678386,2.65134268663076,4.28720280575421,5.40817472539129,4.30926717031033,-1.98592366150545,-1.79473201366285,-0.528611495142034,0.886261238909379,0.892014188081286,0.220226455147711,0.507077572372213,0.0486609086030962,0
1.13027341572753,1.3210101973307,4.20126353672135,2.37891279034758,2.87210218642023,-0.736262877863378,-1.27221804126091,-0.863621267295943,0.527160909245124,0.869432863901219,0.818512775218099,0.377437203142641,-0.0189949168597611,1
5.47484256024891,9.97179750705872,4.51183117532553,2.5829817351216,3.66918272919702,-1.24723001443844,-1.90253020607223,-0.51942250868635,0.403104312921449,0.510059841692975,0.158286281378249,0.109199435669715,-0.0098942930472465,1
7.7988233647569,6.01302923688006,9.54966795772404,3.35076614756653,3.20811520401486,-0.604999338366965,-1.33663842218679,-1.26647744346111,0.714296014308247,0.988726752045391,0.469423231230282,0.618487652648634,0.0703670733868349,0
2.58962159506644,5.81979231153003,5.69399330987826,4.80146423028155,2.20810454590365,-1.00153038739468,-0.563710635557782,-0.642863522951188,0.755793752896119,0.727535209715553,0.585402255372122,0.571947293653582,0.0644148693895858,0
3.05493773223907,7.98092928715749,2.96651342176261,3.05702564885922,3.28965984397439,-0.673976590940182,-1.11346241640986,-1.50222083662435,0.0715197937378322,0.445561249815964,0.710388998240379,0.984907498166922,0.0011378309032399,0
9.90454152874344,8.27937401347867,6.09535563347343,6.66834090597779,3.79794008764944,-1.7889686539063,-0.7279803795418,-1.28099105420134,0.194791014087519,0.894696943329087,0.660503795135062,0.305951865630681,0.0572423666851358,0
7.32395840914251,3.26211166306079,7.21069332292395,0.833401935057971,3.83756925047734,-0.809484659858886,-1.44396148937349,-1.58412310124496,0.619330317516534,0.558887213116699,0.313659509348687,0.464540812026005,-0.0079381726646486,1
8.55756342645759,8.77860492588596,1.62518484436085,7.53288709880791,3.96566975028869,-1.26869363643614,-1.36076836409434,-1.33620774975821,0.839709739523424,0.473412327053542,0.324815143347958,0.667081444495898,0.0533050154827778,0
9.70417451620685,7.65735113805219,7.9443909885923,9.50726796226544,3.68737616452219,-1.73813411288704,-1.19239559577047,-0.756846455864678,0.278921446313041,0.0971484381283447,0.835872272689457,0.160395131933547,0.027793859822651,0
3.252947686384,1.60704989608295,0.747633473928506,3.3565349365284,3.37456735498536,-0.596313882045378,-1.7575069539139,-1.02074651902608,0.999294984164265,0.722768239733991,0.824834817536038,0.520869703240386,0.0176544775395207,0
0.816375125406892,5.10839880034929,9.86182492670427,1.65249796711901,4.36956312377549,-0.504819356284465,-1.97716269754064,-1.88758106995038,0.219815886102599,0.728437216468169,0.538767118058063,0.286402276662464,-0.0144625436853737,1
1.32352252524681,6.97233139979842,5.46976392803374,4.70947708172129,3.62154853141542,-1.37743485913597,-1.09591885161438,-1.14819482066507,0.526635531273347,0.382979846595678,0.761238051296292,0.816611354480113,0.042875889981766,0
4.79075611993588,4.76979401637487,5.98365001450169,3.85223363517692,4.64675528454735,-1.94929108216276,-0.771886858421599,-1.92557734396299,0.845139853410315,0.950445528091211,0.207973679142117,0.58326678120453,0.0765989641488516,0
4.777294100305,5.71573365001484,0.861409702258976,5.11954376364575,3.45540086371939,-1.1948241920442,-0.714945249783632,-1.54563142189156,0.310105047318927,0.834578395839939,0.698973255103932,0.463873759461543,0.015262879621804,0
9.80711066797657,4.54183812797803,6.49023361613097,7.67563857737582,3.96325898861666,-1.65445260558964,-1.41712762381566,-0.89167875921136,0.257501250528181,0.493025791126774,0.319361895657436,0.380250569980012,0.0146606584795967,0
3.18691881222354,9.6220240680717,5.51443738322528,8.8790681940711,4.49760412446801,-1.98938229935528,-0.79073892773902,-1.71748289737371,0.0825352567705465,0.325847123544273,0.673460875908054,0.888206811870512,0.0468851343628226,0
5.99335395258332,9.0340656144281,5.26910930278146,6.60139309383313,2.26614769444918,-0.615716091106704,-0.624422163222893,-1.02600944011958,0.460573935570288,0.125573359574972,0.529968806298992,0.948720394976727,0.0563904043016947,0
1.6060469558166,6.3071329451466,6.98364586658126,7.02173927171982,3.51922478561205,-0.829110476955853,-1.02970291137705,-1.66041139727915,0.758620718702725,0.905573343473795,0.117739338168064,0.69843148326044,0.0363327882408917,0
9.81812809445219,0.511597142503376,8.58898740322161,5.26007226288414,3.39563623384181,-1.10785702494299,-1.47867690854887,-0.809102300349949,0.931287341264425,0.599962528375323,0.29164331603908,0.384294639896642,0.011188710435717,0
8.05366634364923,9.47770817519706,8.8800261470154,8.25011124421417,3.59415080760926,-1.36297143512829,-1.54212585339034,-0.689053519090626,0.77055243373226,0.410746359428967,0.0703082269438636,0.114783678225547,0.0285210465206348,0
7.87209330705778,7.37857350176148,4.3473905293579,7.47053665945197,5.8644179596283,-1.92904167351169,-1.93847852116787,-1.99689776494874,0.287457494536025,0.309457787204179,0.900138884271203,0.635637636289218,0.0508450891321206,0
4.99688209055532,0.835165873944538,1.59011173013616,7.8576837826376,2.84214557587803,-1.24404959699208,-1.09094891273802,-0.507147066147928,0.198910835909444,0.238711151153437,0.196366868245162,0.380828064660934,-0.0568494807633685,1
3.06960156090102,7.09723751763026,6.36814094238043,8.63032453222541,3.26729555181437,-1.52258919930598,-0.683993304239702,-1.06071304826869,0.678101881394979,0.0546651099510363,0.253658579747176,0.860208452296187,0.0202728775685406,0
6.42424325009457,9.44844131243146,1.2788769103006,8.70015266168085,4.98873976894501,-1.29550582462596,-1.86123998334691,-1.83199396097214,0.462991971438653,0.441428081559221,0.41197858705462,0.398521781273212,0.0101066057877167,0
8.27833513380275,9.41793190789748,5.82870022484449,2.88482915542431,5.3861226396678,-1.93259354500208,-1.77903292877562,-1.6744961658901,0.254880069914233,0.770618003046422,0.0757486233245593,0.862769411842983,0.0139505986796372,0
5.11678120670414,1.34977066351138,7.08365244454292,0.856951077376457,4.00772645318971,-1.65160520011784,-1.43802641234922,-0.918094840722647,0.525354322305927,0.517442622849457,0.265500934648337,0.720542159063393,-0.0500747575977128,1
5.12413313348107,8.44464742636831,5.60716289842258,5.42879010643837,2.96815145510385,-1.08297341657146,-1.33729553063854,-0.547882507893851,0.790266429660609,0.617834693024765,0.515134207174859,0.803066893521284,0.0808104084818718,0
1.44294103467988,5.35320681893653,3.52139195514973,7.42011044823134,3.41300347886469,-0.877287573826266,-0.769353138390649,-1.76636276664777,0.498774179854183,0.878175007514396,0.16654606727945,0.57663774748223,0.0201693908636583,0
7.68462797448424,4.62879312359446,2.28034463616221,1.77531145868632,3.16073653770962,-0.784597553307295,-1.33401274899354,-1.04212623540879,0.467013107388958,0.965067513992473,0.867954573779856,0.935818538186278,0.0332857860137952,0
7.33475448043831,9.2973784227457,6.54709817773987,9.32044297866793,4.00501529004778,-1.68637168860347,-0.995838087625778,-1.32280551381853,0.447377481763521,0.263456730453231,0.859418545352302,0.485002176654059,0.0575840370181,0
5.7133870725697,6.67375167449157,5.11967522085801,5.11651681501969,2.88102112645309,-0.964392746853502,-0.601280967934034,-1.31534741166555,0.193147642107061,0.373017348909542,0.154446416779397,0.254889038192207,-0.0245084417727138,1
3.54379717538585,5.91120939357376,9.56104424291465,2.56779326402894,4.12343220090087,-1.56664850181492,-0.954914254586759,-1.60186944449919,0.644036822890226,0.849099386195693,0.504635023973321,0.519956609629851,0.0356006394268725,0
0.669658234587172,6.89991610739976,0.751601107424859,5.88184358206176,3.62529756541355,-1.24873860969269,-0.534614775006869,-1.84194418071399,0.536734923629767,0.906721005843491,0.219816585344619,0.598728986144724,0.006108831056053,0
1.50688986602171,7.27546086197565,7.38871577534776,8.23704916468937,4.40769787991072,-1.95083004683342,-1.29671392529962,-1.16015390777768,0.447389689733027,0.0804032358422224,0.466341791196853,0.731349341405624,0.0125751302462273,0
6.53386271608006,1.83931837887407,7.66094189548319,2.51534088547101,1.85303731614444,-0.582815351886523,-0.604492161752004,-0.665729802505917,0.1823503892532,0.952347836234404,0.6727016202005,0.436305082469316,-0.0174257459803454,1
5.50037741403975,6.67580704148767,8.86806325672126,9.8065387902101,4.07312390906591,-0.788522317913501,-1.34917778632075,-1.93542380483166,0.784209188632948,0.579661828150762,0.172421385183455,0.985947963393058,0.069007739330999,0
1.79396469600821,6.33095428724572,2.84355256302455,9.48381041516381,3.73374714325682,-1.28625559002884,-1.00562488194196,-1.44186667128602,0.289814136180138,0.101944002305417,0.656434314531091,0.561952825144768,-0.0265434321022245,1
0.613029320988385,2.8314267230619,4.75950887449753,2.71063204459808,3.21826795492797,-0.527690072161669,-1.29212168005146,-1.39845620271484,0.789097153991554,0.46215528402673,0.964991075100452,0.93934874359514,0.0311257270511526,0
7.75936395514961,8.07514354549557,7.38166573173646,4.22324882919488,4.02585591277859,-1.72257725172215,-0.806245816647005,-1.49703284440943,0.574398316781983,0.378958113503496,0.798143776927658,0.847904759223111,0.0715339728331666,0
5.24836386642556,9.55196086722029,9.07137618173313,9.04012044076894,3.52225773216756,-1.89487227183812,-1.00858428012321,-0.618801180206228,0.196315538878853,0.580171961324497,0.523046557806345,0.928459704128117,0.065430677542564,0
6.49994826786289,9.03595417022314,8.61691905840486,8.70138451744051,4.06327181642256,-1.35556840293959,-1.68139232880947,-1.0263110846735,0.075885371767208,0.624681973296641,0.728241776563179,0.25015327081379,0.0454894836049008,0
3.3800867098082,3.56556531450538,4.48724397298852,6.9229110608352,5.62399240421759,-1.88211589811339,-1.90757590603493,-1.83430060006927,0.711883017146444,0.785254300282465,0.832373507133746,0.528597052280785,0.0743868440684987,0
2.49531074136951,7.55042933498652,2.75374727240952,9.15503111912813,3.33975393961097,-1.37413056597724,-1.08402812784743,-0.881595245786302,0.637600297140551,0.872786455112048,0.849608592611271,0.882252651992059,0.0484367794400791,0
5.17730281724815,7.81032837616834,9.18068164807844,6.63022874309636,3.18089333038881,-0.606237719384232,-1.80262142792516,-0.772034183079423,0.270911635886573,0.828645259845899,0.50565684599641,0.229030293468954,0.047024764867456,0
5.74490038283772,8.92941598768538,7.27404738911039,4.74281917704451,4.42885489413314,-1.20695064654673,-1.99618443928836,-1.22571980829805,0.0621274123180273,0.910284287787036,0.347607652553793,0.20348605636036,0.0305740238010753,0
7.68265636904113,2.69364466297623,8.89507878514146,5.46845172800063,4.9888374112716,-1.52587510145789,-1.7311979387428,-1.73176437107091,0.682729679177273,0.114235447044916,0.254763613712052,0.548173552411919,0.0265210820035258,0
8.33902577760677,2.26009418508039,5.03229799027727,7.01585883944931,3.39753446733296,-0.667529485433048,-0.815079118992842,-1.91492586290707,0.433584102019002,0.136248616951193,0.931940146190089,0.193475436940055,0.0213040433043485,0
9.71538926557441,1.71224593009551,6.15518260125608,1.19341314151745,1.91586249701742,-0.827878918012744,-0.569814230096177,-0.518169348908495,0.809703467439696,0.261750340116465,0.650606809012115,0.98966585044355,-0.0105926805248274,1
6.29830857146673,6.47191863330314,7.96120594266035,6.55601251391545,3.41116546935998,-1.12517079084801,-1.59489326230582,-0.69110141620615,0.559455933319199,0.533128050796028,0.72374928203683,0.47059099852242,0.0697910957283406,0
6.96593779526911,6.27490812571445,3.96350911323299,6.35920626125913,5.23431325639772,-1.65035558686424,-1.59997753553012,-1.98398013400336,0.996983745878871,0.740326566916838,0.54533810128224,0.690850369132936,0.0923817584068359,0
7.94609961922118,3.61600975836526,1.73470843614163,4.57136836997761,4.55430795747317,-1.54350603063671,-1.80541163817481,-1.20539028866165,0.812749356095522,0.779973261245187,0.921011177674285,0.624937485799021,0.0393484133792334,0
6.28555698051838,9.56639480035859,1.54855277415153,1.93770203640427,4.88243179852031,-1.32429993522625,-1.6086639012041,-1.94946796208996,0.347407021722306,0.383998016060948,0.788984351415867,0.131468204206934,-0.0418089970010235,1
8.14866699476163,5.94585822115715,4.22028798781975,3.84614355166287,2.36936536301889,-1.24379057538082,-0.536765127761732,-0.588809659876337,0.537170300281612,0.0864661254818633,0.419127199303504,0.49733021854211,0.0038067652287521,0
7.65334124091383,7.51834287664195,4.33891747018608,6.30852141626871,4.55830563953253,-1.55948228860671,-1.90395594984889,-1.09486740107693,0.930047812757667,0.668555200999442,0.806329814964156,0.866414249653319,0.0989562535889275,0
7.64211464005053,3.1199533038104,7.27293303996621,4.45659428729882,3.93731544948443,-1.18624619614534,-1.7412892365145,-1.00978001682459,0.466376110953425,0.326408422832552,0.990441063645834,0.276956230915481,0.0465021869691416,0
8.07794926151575,3.13613576894287,9.72665470018002,1.82454733785753,3.64387890645478,-1.3194717418961,-1.61362958398068,-0.710777580577997,0.861076118420915,0.801325018426621,0.520293376750093,0.890852781968064,0.0191913885500066,0
4.96086522991306,7.71996105481178,7.39125372080681,6.38578402407662,3.66326234098143,-0.754992094465601,-1.1407589051634,-1.76751134135243,0.674215305907923,0.14163476543628,0.33040727939286,0.206050259312674,0.0089925309223196,0
4.41600185536598,3.94467536534827,1.64867408331186,0.661948922886036,4.11968005303012,-1.96893680723991,-0.973252771331661,-1.17749047445855,0.321998312701863,0.299630905336962,0.390802973567494,0.760513593984945,-0.0462597217955378,1
8.72788651460735,9.49498053828684,9.66675302997624,7.00158569703266,4.58399880523357,-1.70665277823041,-1.52471092163033,-1.35263510537283,0.257858583392389,0.863821391408815,0.598266652511787,0.501765632832963,0.0658477139701458,0
1.31670375001075,7.25821872986742,4.04904296719951,1.36311136684006,4.09366222905546,-1.28723935615007,-1.45054515371085,-1.35587771919454,0.555002900876778,0.853465467668872,0.981802368259042,0.524269118689639,0.0164194229725353,0
7.22049244079592,8.80308590325592,9.00282746529574,2.99618261830811,4.25975937976361,-1.60839669905488,-1.06594592276699,-1.58541675794174,0.832800182638769,0.149643713897562,0.184569325028284,0.955930759185338,0.0255945226009055,0
4.79895358148651,8.586602847447,2.56895459156809,5.77950908562959,4.0099951410876,-1.63522129979325,-0.586080185861478,-1.78869365543287,0.837136703148421,0.526878699150765,0.848669666698084,0.387800841969586,0.0440624182980263,0
8.830019898557,2.51168186456353,1.74335975088957,2.93255423307951,3.98969348697967,-1.16593474982069,-1.57579888360485,-1.24795985355413,0.936794487305424,0.485112257029251,0.548842861329648,0.540960408591896,-0.0118806604154116,1
0.907854199327726,6.60614128570084,9.9652176155364,7.95173179260535,2.62160816798752,-0.538860043946805,-0.947603225930187,-1.13514489811053,0.901232038030835,0.557133677261098,0.463443801262794,0.636670595789973,0.0113055050512897,0
4.17833227027319,3.81517469599172,4.30726337172744,3.07998875909908,5.34185497566126,-1.99105262651391,-1.52064985241919,-1.83015249672816,0.403573232824235,0.845462732005729,0.939940529340896,0.572116450957048,0.0796777877517914,0
5.74957870854397,3.9162768063598,9.82898185444489,1.75055382806726,4.17511377157989,-1.91755422387468,-1.45774949320722,-0.799810054497991,0.195876520577018,0.912697077084579,0.957189841172212,0.314361938892691,0.0234832506874057,0
4.60978396993214,4.25272759197642,9.2045058685086,3.50194536438813,4.19864478454977,-1.77120783201737,-0.719773156230606,-1.70766379630179,0.733844150422063,0.930135054095414,0.480887177723263,0.0888237365119648,0.0386381696851701,0
2.9563209794268,9.44476443428889,6.72364894128423,7.8875134217312,3.98300532824871,-0.516928992324357,-1.89633647541038,-1.56973986051397,0.628242996100445,0.217441308277298,0.232298736891402,0.256535996731436,-0.0206028503100035,1
7.78416260153117,9.35223762003615,3.23316643898246,7.02801050986379,3.40872634756335,-0.88753262897284,-1.17164599756347,-1.34954772102704,0.208313707005631,0.79695384322171,0.337734191879438,0.431499590444986,0.033697717086643,0
9.1765653051303,2.12200260391294,2.44534959946425,5.17966575698284,3.23413592652205,-0.599726428840007,-1.54644759843522,-1.08796189924682,0.308109117668325,0.329717363035978,0.583322186870327,0.336830908224155,-0.0316796612394551,1
2.14203770714907,9.61328282172419,9.9509353278321,1.83014497425029,3.59808973934414,-0.665885076734982,-1.98258063282182,-0.949624029787339,0.474234652373247,0.561213084789702,0.619283076891159,0.242225388485993,0.0082257156185011,0
5.73911120759431,1.08466769263644,6.21596210715369,5.47065869193125,3.8621337426073,-1.36604070692176,-1.10185895855809,-1.39423407712745,0.336681259334165,0.214319203065162,0.948505317009502,0.158384446007354,0.0166150305262062,0
7.39711913383212,3.0941188199393,8.28452176568402,5.47442900573737,3.60660221806602,-0.566236154057307,-1.47567035095753,-1.56469571305118,0.604889454898221,0.555326465399866,0.217490161260812,0.62338396779047,0.0347657940033948,0
6.65074426889394,1.77051071388758,6.57204541047108,5.55021263981749,3.11821835227604,-1.08341902288402,-0.708120425373397,-1.32667890401862,0.574729230306222,0.820476529043,0.1308012763594,0.574860858488712,0.0103823299629339,0
9.01239778539146,0.830045645307179,3.97990347318546,3.44728191743634,3.79160217038251,-1.15827570468542,-1.84881225527587,-0.784514210421219,0.265416864182691,0.574214735499466,0.67938827794445,0.250917475812052,-0.0382503321216262,1
9.6968461311898,7.91665447500764,1.24841161253878,9.5759755267924,3.4168936006557,-1.58765378814051,-1.02363613941467,-0.805603673100518,0.621354711994401,0.235969498245142,0.0645081609037472,0.597382364371249,0.0335358948101504,0
9.59137504282681,0.632354144314234,5.87787854070007,8.6981580316253,3.33718744432019,-1.39333694337956,-0.758528404257167,-1.18532209668346,0.581073265597682,0.213668189152325,0.89585914117283,0.666483133271289,0.0504853056375085,0
8.98612223539013,5.8110745605086,9.82687486470823,7.02726407733244,2.85432730849626,-1.12738127103705,-1.05393020508848,-0.673015832370729,0.498976725046862,0.665063615152664,0.677628935759964,0.836744533424127,0.0779854946254388,0
6.73776548491656,8.03414787851328,8.46125033335553,6.36789341544558,4.51241629824716,-1.44400722724235,-1.99015023463425,-1.07825883637056,0.917117541152758,0.661901904316699,0.214461282095258,0.231896849381004,0.0585856400241565,0
9.0073743715153,5.80404572433103,5.66381580906098,9.17487669896558,3.25120255141131,-1.28078527364358,-0.953870090250927,-1.0165471875168,0.796064206165973,0.575930243710506,0.566587779970304,0.72826323669901,0.0763556122697136,0
0.963012897252594,2.34084207519351,3.09535807472469,7.06025651788237,3.38026393154031,-1.11195316531814,-1.45519533762748,-0.813115428594686,0.588876100153826,0.672559648647277,0.213265232755212,0.895384484833755,-0.0083619821382543,1
0.765359373018681,6.13199084977838,8.5567821066363,5.79701111982478,3.34783658081009,-0.965364926113002,-1.16642799047274,-1.21604366422435,0.938924622212346,0.822822427595031,0.637311730857943,0.492588459748382,0.0232371736181942,0
4.31167727995593,8.43882403767321,5.04249988893708,9.77479395370812,3.06210138027681,-1.9381311244536,-0.556154748835717,-0.567815506987495,0.0970539755182841,0.301472440111578,0.621973717821294,0.459785480218169,0.0162011682179642,0
4.90243171771487,2.18354578588604,3.99181035717363,8.86893469984009,3.78603223766255,-1.92738802651408,-1.34871794668116,-0.509926264467312,0.95720049234217,0.949873415576913,0.725998363961693,0.582470735442124,0.0554197710961025,0
9.83245780700798,2.54991877351769,7.91004624755054,7.25129462804336,4.36500238930729,-1.70799043066654,-1.51722177316576,-1.13979018547499,0.355513641622199,0.28785735952004,0.672406956763016,0.64001305649953,0.0421147073200984,0
7.40813627357741,2.18451746104781,0.863299541583017,7.21282477368687,4.08370298613628,-1.95321945588358,-1.56949746782737,-0.560986062425328,0.533466879381225,0.135868699219276,0.423413089104464,0.911644458811565,0.0173936309581472,0
1.99148530608726,7.01599246713503,3.98493586715286,2.80216672802976,3.93639774835106,-1.55649615329966,-1.87920934334914,-0.500692251702258,0.637455619885285,0.744390287146926,0.126195601463685,0.26741868322809,-0.0171904712044588,1
8.75793138322837,2.43080612221345,1.69230095756896,6.576357611951,3.47761891370876,-1.40612176782287,-1.4375160641831,-0.633981081702793,0.471038430487055,0.454176613597664,0.941431892571347,0.862172868395616,0.0097184207662839,0
2.19168960177104,3.37802439856469,2.93309642618472,3.12607782874602,5.20879398232802,-1.77529635866213,-1.87108740274525,-1.56241022092064,0.786542457294211,0.670881701477278,0.199303924520062,0.693757448419045,0.0277333946753572,0
2.39474751548538,3.49454531186671,6.80431696506779,5.01648425599942,4.12301071683165,-1.38760217791952,-1.02386509135709,-1.71154344755504,0.205103915184371,0.742367786855879,0.809010140251913,0.578993907766084,0.0485828063581957,0
4.98154435380298,7.47481394913176,1.06493715353612,5.97920860326164,3.79436854830726,-1.20883018936279,-0.699793029002438,-1.88574532994203,0.75464188951328,0.775182867204383,0.557502011023009,0.616700064626469,0.04917019859832,0
8.20571181052165,8.26388298804082,9.55358510101938,1.71593767280795,2.28138812295418,-0.52987934689481,-0.812919275406399,-0.938589500652975,0.639816331798608,0.314528265349406,0.887662013565529,0.978972334489896,0.035643949485296,0
3.99672556752712,5.61238410288931,5.15905230187934,3.98739823436816,3.93343596225204,-1.144096263404,-1.31153836128089,-1.47780133756715,0.816442715996921,0.522894737409506,0.541736207152517,0.468372061687553,0.062130567322827,0
3.75052653077428,6.48439077242397,0.88809138947503,7.36572584719533,3.16652459616131,-1.32036156367344,-0.587829835266492,-1.25833319722138,0.438913314377302,0.22676947526866,0.505945404107828,0.84086175462881,0.00359178768397,0
5.41719676717139,7.01129882102687,9.18876686280617,6.51157908749607,3.96721055060809,-1.05632956720672,-1.36982175423763,-1.54105922916374,0.12334546137272,0.498620946865599,0.813569890930466,0.33104701509365,0.0442661568582508,0
6.31028090842158,5.54467320714323,4.10573477376732,4.17309476367901,3.68827926496575,-0.865257766509394,-1.90721803030729,-0.915803468149062,0.932832027451785,0.42554604441467,0.627123545218334,0.0748968528477184,0.0496993007849926,0
6.0054946709156,1.43876985941993,4.34265666242033,8.73312693498807,4.64850099046809,-1.25360254822178,-1.61740723907467,-1.77749120317164,0.383212524939603,0.82260360943537,0.255735035681812,0.187494474862568,-0.0372500560501776,1
3.68665381196027,8.87039321500196,2.29709123121003,6.24023972123511,5.26987444152982,-1.96597595808015,-1.86674773884626,-1.43715074460341,0.919615746035681,0.554083414093625,0.755401168083029,0.795071847569179,0.051572825620477,0
0.867087833116122,2.80053402861336,9.07275242759945,5.53638845811707,4.22868871041747,-1.23513606876137,-1.03781194834062,-1.95574069331548,0.752231120026072,0.623179662534828,0.608407919176042,0.363984723192651,-0.0200850573678023,1
6.08732125062993,4.22862161449313,8.93384205546388,8.90429165139421,3.41856478921316,-0.994216906060802,-0.773726258376718,-1.65062162477564,0.688291551907242,0.0707746851062647,0.972427694180448,0.813403943660877,0.0746204578281366,0
2.60437695487406,6.32763712031327,0.650916374094633,0.915789576136181,4.50082937671563,-1.2505007334856,-1.34641559160855,-1.90391305162148,0.07679518109672,0.687988270413975,0.888801299903152,0.0948594896765461,-0.0377018045064213,1
4.39864203166822,8.02256075456146,4.86035771565129,6.06853497397606,4.39221165496667,-1.49673761896153,-1.23951196633204,-1.6559620696731,0.368217252515685,0.107221438027014,0.866531996083173,0.89760372710088,0.0603151897787398,0
5.4932530370556,3.69397495021863,4.9772424524665,2.42492567286515,4.14391316467778,-0.66662874904311,-1.65129909086042,-1.82598532477425,0.89644810366957,0.610858371324923,0.307422027534478,0.584260487908548,0.0486527928550811,0
6.58000170575712,5.1897253896303,3.04108553025025,2.92798741620159,2.76792628955614,-0.775578971791617,-1.16188997006894,-0.830457347695588,0.530512826589568,0.249452062550357,0.852667320417627,0.20339506651351,0.0061854611080409,0
7.24101072734284,5.61817396686762,6.32694913434527,4.23179068572889,2.76768520944114,-0.877698374382511,-0.963654408249108,-0.92633242680952,0.385229052258397,0.704840558909753,0.840949017712433,0.597577194659141,0.0750051341638819,0
2.29442647027251,7.2178839159478,0.700662374535378,6.25024878229923,4.60091474136005,-1.45865165480907,-1.40594568311162,-1.73631740343936,0.798692590205236,0.606102000963539,0.66150258352023,0.698770945789778,0.0030857599563157,0
5.6663169592318,6.8687848000736,3.99558730411539,9.86838073191461,3.83057584082612,-1.19881074111874,-1.43296489316397,-1.19880020654341,0.609236939084691,0.319945821945614,0.521065007353355,0.694534802250532,0.0440754056321323,0
5.39986725733961,1.13097425075349,4.99389722251848,3.50533452039011,3.56532866535536,-1.54441220899852,-0.72210098102924,-1.2988154753276,0.63033776838158,0.962996681966223,0.85965360516392,0.600483044139629,0.0455639214165622,0
3.07826047088513,6.53265750715226,9.13042300180125,8.12254987352419,3.11162881354526,-0.869773232779105,-0.683560646896227,-1.55829493386993,0.310157818987147,0.375512487299815,0.111156081751087,0.817227456691891,0.0245024401599216,0
7.00797283812616,9.40918641825739,2.48009697526215,3.86310781541209,5.29450619811186,-1.93247554801563,-1.64097418339581,-1.72105646670042,0.824653206119775,0.772968727291472,0.800098469940341,0.246045884499982,0.0418696277352337,0
4.3822446098013,4.97230699959378,9.14135239256967,3.42642693621678,4.84414998496016,-1.45216240901357,-1.71070979863143,-1.68127777731516,0.89244631894242,0.944584738813126,0.3060885645939,0.87035504484448,0.0797941805463901,0
9.73823406247386,8.95362346974044,8.51930576375223,0.63677729669417,4.85396222520524,-1.63051573194385,-1.89981841005505,-1.32362808320634,0.189887409819186,0.47268003027998,0.244793471649423,0.255304650829904,-0.0106430912943189,1
6.55877121128401,2.65251943375126,8.96970885128556,4.03846363709304,4.12022537176435,-1.60336090830868,-1.28743109181433,-1.22943337164134,0.760730781602223,0.277593257176219,0.192016120265244,0.586232433812093,0.0194902043260298,0
4.08868939416315,8.42981290074457,6.3985228128633,6.35305021197003,4.08950389154619,-1.11094758956868,-1.78643780830089,-1.19211849367662,0.902021461585426,0.522792599799585,0.653020220227614,0.330478481894268,0.060827742300705,0
1.52973105171097,7.40991597314769,9.01208490531148,9.00848603337169,4.45593335386502,-0.770956864976429,-1.92690786723875,-1.75806862164984,0.424344691467647,0.930784635851178,0.842836026610491,0.975304136894621,0.0772386647587696,0
1.02190242645866,0.855672489927302,7.65973843193965,9.4032346516714,3.77467936836613,-1.11453502124581,-1.47177480592405,-1.18836954119627,0.0714463980843406,0.729921347422636,0.525884592039734,0.381389794438654,-0.0333491619162876,1
6.53574645142625,1.40943295220979,7.23961652037964,7.48934911350451,3.00435765368168,-1.2565467499524,-1.12255555647194,-0.62525534725734,0.393450848920966,0.653904073906973,0.922985268310778,0.322903294138564,0.030650376384568,0
7.05457106024672,8.70599990681118,6.18793764299139,7.05021599862974,4.73197458257127,-1.88804561746746,-1.63912998677174,-1.20479897833207,0.99221498490492,0.576791799612484,0.143562194172118,0.559102967992501,0.0691370026189633,0
4.73036209602782,9.17595317014992,6.24323474338899,4.33226951162621,3.69876328279011,-0.835205698180886,-1.53028861826682,-1.3332689663424,0.713008417022448,0.80159059538982,0.676157232456579,0.54269086586271,0.0707903745377876,0
5.46601148960664,2.6840241055064,8.39879521850031,2.59930480842816,4.37605763966788,-1.31919533903217,-1.81109292017859,-1.24576938045712,0.586157832147599,0.12203047994168,0.527035114394883,0.493076208859173,0.0040745270495529,0
4.31621074757576,4.51479034117191,5.393704955486,9.68548745576348,3.49961200640058,-0.692492786613607,-1.73440987116203,-1.07270934862494,0.05863750570565,0.538214846928118,0.628358325995107,0.500087684776394,0.0212888447524736,0
1.70873388746608,5.67585495179236,7.3979195342742,2.63036249889485,3.04875509232884,-1.56270706556573,-0.593493663136358,-0.892554363626754,0.331199619589057,0.851889648259707,0.568369263199867,0.671412755392245,0.0319633028233416,0
7.05842019555714,7.8437176680562,7.6215472795004,4.32022415920517,3.69754975118648,-0.767466344803805,-1.70840425928697,-1.2216791470957,0.199841573417716,0.629275991134146,0.943846530442933,0.0939923107911518,0.0512489989371536,0
7.48954206359345,1.19479808549141,9.21224136824694,4.57719084182261,4.50141710782269,-1.64704017740847,-1.95835394623108,-0.896022984183137,0.935940658651183,0.349666439972188,0.993208582140499,0.757037207987396,0.0659775287282869,0
9.88809777073929,5.76699606294701,8.61637855925257,2.90315889937982,3.32258409436191,-0.668682375668932,-1.19700014385656,-1.45690157483642,0.778245347006623,0.597608602439937,0.238003829673215,0.0770746941099688,0.0332699214525245,0
6.52305593882472,0.794212183667789,5.83081832311816,4.34731743469893,2.96391828940667,-1.05243885863964,-0.889020843195345,-1.02245858757168,0.430478445117557,0.106621379857505,0.894081747750508,0.466275108938401,0.0349736898058579,0
4.0015357922941,6.29741771710314,5.41095252612331,6.99089759832881,4.04288257762946,-1.57327057194852,-0.506643592251407,-1.96296841342953,0.467240959985959,0.694223983510687,0.220492374116257,0.158802892404862,0.0171907616676374,0
7.85822725099337,7.2248374776592,9.97307731925522,3.17680829362174,3.44314433775534,-1.86176809986427,-0.547834417179192,-1.03354182071188,0.195613285579239,0.884178231328864,0.888711976785113,0.708784971084025,0.059040180526737,0
5.60953795231796,6.75873002838037,2.47063550666283,8.0052091454442,2.90930324433603,-1.45664599851227,-0.923180487241841,-0.529476758581924,0.679584203158036,0.20746327846143,0.2058164191318,0.85680689162724,0.0422346722079766,0
6.93073230534393,2.52230360849964,4.49826612273111,7.40031907367682,3.76999222402851,-1.59200894802079,-0.60354028346499,-1.57444299254273,0.682631006359527,0.801096701378648,0.960070807714064,0.697409377159618,0.0744469705565905,0
5.97726609679336,6.00612371797762,3.80940811694376,7.33609666316244,4.14893440146192,-1.18432032660693,-1.89764677459663,-1.06696730025836,0.67652839615967,0.601798855056977,0.711569699173378,0.266251156808682,0.0575053618377482,0
9.46274491633062,4.67983742636339,5.29924333376362,8.69442627459556,4.18304415140206,-1.21436441127625,-1.33505959633868,-1.63362014378713,0.803243744759216,0.314637250552366,0.485403479733566,0.144083391983113,0.0324539970305095,0
7.58551894307423,4.38834688955798,4.79173433980896,4.7813147758065,4.00900601785732,-1.86554535250848,-1.27200375045238,-0.87145691489646,0.0579506281648204,0.887101460779663,0.718501783124891,0.407707309383668,0.0482273330216878,0
5.39220175631761,4.13321190679312,7.00398567406258,1.2849236418459,3.26249555482924,-0.798468316718622,-1.65345559637838,-0.81057164173224,0.461383207536344,0.622870982479139,0.751414904918523,0.228357746136883,0.0332101571796723,0
2.12267494702333,8.50684842122454,8.97612279994484,5.29707167240484,4.34203518700304,-1.56490020996771,-1.95474585223085,-0.822389124804479,0.634925613481944,0.263570187917588,0.629958432780895,0.452077337501,0.0122191569498995,0
8.89048602410834,5.64556053231366,3.15565967986292,0.642750976210053,2.42744308271766,-0.629513968443719,-0.942476092442067,-0.855453021831869,0.973431328947648,0.889784602931481,0.057962733319744,0.50450405098326,0.0271159178821248,0
1.35453668837253,9.30866563219505,9.83098475201327,1.13713446395349,2.12860378795032,-0.616052480003191,-0.545767026651196,-0.966784281295934,0.976606725960702,0.77286484092175,0.875887917832042,0.238973831076411,0.0115335818957966,0
8.6231580651544,7.79401235448633,3.19830452944761,3.00483127484999,4.42676543398458,-1.50493548691034,-1.41145294635958,-1.51037700071466,0.381690264112056,0.939381248426152,0.382779597328017,0.897369094098337,0.0418128203530077,0
9.60239269560786,6.27736235688266,9.86016839232192,9.94173092315466,4.86066888755836,-1.1969236852847,-1.81882985847358,-1.84491534380008,0.296478124696732,0.861759915227724,0.625081955512323,0.196658034379675,0.0512227281348162,0
5.69530047138111,2.62381877764779,8.42927225746324,6.57980144476044,4.36106143967304,-0.58517679226927,-1.79665026518877,-1.979234382215,0.695259561681874,0.5441570465197,0.908391714402118,0.992770423708062,0.0831611682466979,0
2.66418359462797,0.643987489837711,3.49637339529037,5.33154540260532,4.82006089678462,-1.63010882765303,-1.36128335507601,-1.82866871405558,0.875648246143066,0.463000515134594,0.906731005848719,0.980464619979672,0.0592558187202715,0
4.78576467517384,2.30536565731337,4.32134529928992,8.32287138604051,2.66103039252714,-1.36662329520066,-0.598149504234269,-0.696257593092206,0.520094159427601,0.50244812499048,0.166645713453419,0.841648403904681,0.0212929198758924,0
9.3081495202989,2.89708700496329,3.7223975686884,5.68294843997058,3.62308112007988,-1.22702833976987,-0.839738755245996,-1.55631402506401,0.547643316522302,0.113831528131529,0.95295167132969,0.131668156578534,-0.000813616179014,1
9.63151069336113,3.9943975987947,2.7570709335974,7.82134717966738,2.51475475557136,-0.96632962461469,-0.649914753816975,-0.898510377139691,0.365246003513273,0.587557552268978,0.889118346250321,0.818391325721737,0.0377888090789165,0
9.52329187035252,4.46039458794171,6.73439012973956,7.48277196920182,3.80650409975191,-0.710383017480024,-1.69906856351388,-1.39705251875801,0.368414359888456,0.372399698279293,0.0931869586841168,0.898846668798052,0.0365763558516965,0
7.24452273561031,5.45822668926347,9.65202920852712,7.9963510580629,4.00900582559786,-1.29040027752431,-1.43110681084226,-1.28749873723129,0.22366483141558,0.918667455682589,0.759789196152124,0.220962301805673,0.0533253084629746,0
3.45301701304705,2.99591327064406,1.23366196689196,3.1853648740217,5.60537320368492,-1.99723645495687,-1.96779580287475,-1.6403409458533,0.795353901845563,0.699176122776334,0.716414597098761,0.234830892279055,0.0133052127712537,0
4.90662245882613,6.29407799664262,3.19778967390893,6.91540287778175,4.2143536212248,-1.16873983575056,-1.94104730798185,-1.10456647749239,0.902160967437983,0.492242894572861,0.520723172521538,0.845167329154722,0.0775906234221883,0
2.0816001283693,5.17163968948718,2.70611995863003,9.97045760404539,4.03967353917133,-1.19405868193465,-1.43067345469501,-1.41494140254167,0.771160523123177,0.257726515284177,0.371470448984138,0.340527223479435,-0.0425445400890753,1
8.88839471070602,7.83080707886117,7.36577773215472,8.16777443035043,5.10698993693189,-1.98539853627036,-1.75923282855485,-1.36235857210668,0.537704146058904,0.0575512385772099,0.499753457709604,0.256060686128506,0.0261154908514113,0
7.80825275270925,1.15027802696879,2.6582418309318,7.72194278279387,3.22610526889159,-0.508926768822095,-0.734397287614329,-1.98278121245517,0.616463582666851,0.44214897560248,0.612990371971201,0.227550916709675,-0.0208538163224409,1
0.941709650435217,2.99338430670646,5.97925272320762,5.3543269469276,4.09349590110243,-1.83423451979716,-1.32480292622233,-0.934458455082937,0.306008413995238,0.753819793218134,0.545648488420681,0.752080739481165,0.0314194736516988,0
1.02322155533049,9.94215977543274,8.52597600180964,5.03758299984738,4.6946635623589,-1.17923644649511,-1.92621992402618,-1.58920719183761,0.674261210475573,0.488825985233297,0.39529219429296,0.688037848292933,0.0015614149621838,0
3.4402514024677,9.03670688099087,0.836062413440295,5.53553308095456,5.56159593900446,-1.76006251833385,-1.9761245735035,-1.82540884716711,0.162930045561519,0.691472377437542,0.64947805344708,0.482587636615877,-0.013775075747925,1
6.07711162622087,1.51192534400014,5.03793512269877,5.7600153076623,2.63161224532222,-1.17834593941721,-0.520433529294375,-0.932832776610635,0.465208155228071,0.0988266173864156,0.549837189181175,0.676692568719883,0.0334561956866416,0
2.21312116956603,8.89854781885385,6.51099236454099,7.72335745191466,4.38421571420432,-1.57130635944207,-1.43631438399174,-1.37659497077051,0.265682058630553,0.583063527219351,0.430144345249946,0.203133274756302,0.0129609831361477,0
7.22692940373966,7.30390008997708,9.52846757514803,0.600750464455702,3.59553922458465,-1.00437817177394,-1.9927094834292,-0.598451569381508,0.187492968330944,0.349737785457515,0.929855313424047,0.335234162379201,0.0209070216454489,0
3.77996111282774,9.98311903075476,8.14918488846016,6.8153447208409,2.71178986684185,-0.699487883024034,-1.29319483835613,-0.719107145461685,0.549196912859448,0.806740490881653,0.218226113020408,0.778493765709169,0.054441883059423,0
7.08258485536992,3.43178922427351,5.62466139366431,8.02090143891139,3.68119896855096,-1.89994740122934,-0.704799533043499,-1.07645203427812,0.356085351190763,0.808785948386752,0.362944860896447,0.312831455026903,0.021437929579397,0
8.7038891127242,8.6307271050548,7.50366426351222,8.82302178533843,2.84226672834586,-0.990275558021327,-1.33108189901717,-0.520909271307359,0.689220227190021,0.137136664426536,0.763538604771253,0.403327587782296,0.0587404373373508,0
1.67740300302679,6.19931210087572,7.10257607049127,9.2746326066277,2.23653682952252,-0.791662584154459,-0.941342004229373,-0.503532241138688,0.120157135067296,0.480545904828665,0.160468846430347,0.354345993292576,-0.0094029465196385,1
7.31679941430241,7.00332910582318,5.77360056820299,3.6157861667284,2.30650186550816,-0.569369267081621,-1.15979068466753,-0.57734191375901,0.810250933664128,0.17973370097803,0.283637541208968,0.93858492828374,0.0460562086598961,0
2.19658922655912,9.87157709827293,9.57929081161211,0.762849004355015,3.60569414078635,-1.71535462834233,-1.15890999799523,-0.731429514448787,0.0981218378180987,0.666540793331148,0.786688857566539,0.843487237095087,0.006034457019399,0
8.67783899172525,8.85304209631559,8.70693957920888,3.63932163237315,3.15866675185796,-0.539156447747862,-0.835645465808024,-1.78386483830207,0.534976511129128,0.695570801992372,0.137155676070192,0.910134457357608,0.043859685927806,0
9.49875977276241,3.55470377499368,9.25055318807815,2.40191603367443,3.89412122308292,-1.15278405659482,-1.8633431973926,-0.877993969095498,0.0831584656460083,0.486824659764366,0.887797307779904,0.54343622454859,0.00752864267784,0
1.704938789591,8.83265178807945,8.9069394730164,8.5585671365994,3.59311875815786,-0.572169317750132,-1.87683249012755,-1.14411695028018,0.55171055742441,0.635220761587505,0.636311372041829,0.175240945775468,0.0242173395741066,0
3.93418690755578,0.606014977996645,3.44010250005517,7.63443024075117,2.88533368254241,-0.824534876911645,-0.791239751780149,-1.26955905385062,0.623700387761595,0.931536139350601,0.542273783846768,0.687145644039837,-0.012700734312133,1
3.15400085028764,6.84523084282869,1.74868239551072,9.55039718994066,4.37936426939032,-0.824943945359438,-1.6427545609366,-1.91166576309428,0.75293753071934,0.41492850173965,0.34104352095533,0.889758591564631,0.021283317410853,0
1.69091255668722,4.73253582962245,8.05136021305028,6.44377484575828,3.96289336863784,-1.70732344066037,-1.19284865699252,-1.06272127098495,0.641017843972173,0.986174846134952,0.550601597952604,0.872293632313771,0.0642400427417567,0
8.89609008118283,7.24745224933567,9.82903015118294,3.66850561081448,5.11370229594464,-1.75941557272089,-1.84498101703783,-1.50930570618592,0.137809108797442,0.428285877469223,0.504036488440104,0.245803993051442,0.0118756733978113,0
7.43534169498805,1.56940238357211,5.73600213315742,2.84707457516083,3.1479547617027,-0.509828524972394,-1.68971637602348,-0.94840986070683,0.994498084480118,0.0696710748272727,0.729936094634184,0.915927026090005,0.0562806812013314,0
4.02688375764047,7.25315233045722,8.51666263720094,8.79331236524688,3.97700570615925,-1.91579827248299,-1.26936193818669,-0.791845495489566,0.242882925026732,0.674183766178023,0.399462924154932,0.22247738062799,0.0280911652446217,0
4.86841049295865,9.49459326154207,4.98966979941005,7.96446944239441,4.01058714702943,-1.86393359887742,-0.84648345811764,-1.30017009003437,0.672077303422997,0.959827214751164,0.572276504517856,0.873057687695781,0.0842814976467838,0
1.76734446929006,8.06066287808606,1.49948736944511,0.790739205944084,4.39284817373237,-1.47539965200183,-1.34579185319686,-1.57165666853368,0.778983481166122,0.140278584838968,0.116900275901847,0.916517535376004,-0.058346052787521,1
3.50174250997964,6.01454383690013,5.71738980585702,4.34123430435595,3.17095970403826,-1.50919506543953,-0.93023811149745,-0.731526527101279,0.7286075257566,0.771809732272456,0.143154524529708,0.0896615696038131,0.0187718482029567,0
7.60972063329418,3.65363084848217,2.33635334956116,3.90010108822581,3.02869111610142,-1.10650918741928,-1.35204652999007,-0.570135398692067,0.846792219404409,0.561963305394291,0.996074245557471,0.978092936785205,0.0660076076795533,0
4.74657706684647,9.58381476110261,7.01263394790549,9.24874361287924,3.43772834519843,-1.07698611399638,-0.914525183921587,-1.44621704728046,0.776250536859364,0.486996214400226,0.311377544905591,0.424626158574199,0.0431451007802811,0
0.535430882696342,9.32443256978699,4.67140643748775,5.30091316851953,3.04554793063011,-1.98246918228621,-0.504731259328825,-0.558347489015071,0.111109571036707,0.893419731590715,0.14899355938049,0.235642555946672,0.0089863261480072,0
1.80206145856202,6.8974962756951,1.01692717220607,0.753432630320615,3.39740348983244,-0.968404561176349,-1.03675701597072,-1.39224191268537,0.816300809659737,0.741434335031331,0.215473774298565,0.595625492503756,-0.0219561232022263,1
8.3964208294545,3.42991289469843,9.22173391683611,1.69851553532464,3.60946532322761,-1.80583945045398,-0.563424186757707,-1.24020168601592,0.876502352882473,0.22302311699803,0.0778311659982533,0.625661202818481,-0.0075068554367422,1
1.09621466944867,9.11547465898599,3.30202833172536,3.59413237238552,2.82189053747188,-1.47315779033329,-0.672787157020392,-0.675945590118202,0.473602312280874,0.841126529458986,0.120183420028952,0.834276894787633,-0.005376095112599,1
2.05392800242536,8.5081314962681,4.01666094615888,7.32663433155443,3.04112331542152,-1.09535238291451,-0.989356223248073,-0.956414709258941,0.230609667449449,0.872356754929845,0.847995697539158,0.968899726555231,0.0705650012873944,0
9.49464127210586,4.27583378246755,7.83936313325992,4.44319551262116,4.37755082823221,-1.96359232443131,-1.35286913931497,-1.06108936448593,0.775769437045485,0.948218125147128,0.866903512933173,0.647377762278437,0.0817928169148088,0
7.03124488480671,4.76647054467462,9.51402352691354,9.34658569701352,4.70623362629669,-1.31541037574668,-1.68183335308841,-1.7089898974616,0.610102081437631,0.511122070669755,0.312265732842811,0.227089508255671,0.0302815356502073,0
6.77532310962017,8.2156516566515,6.50775642365746,3.0376965834987,5.04090656114037,-1.68925605324886,-1.99153739449795,-1.36011311339356,0.208128314286082,0.91228661558084,0.291222044949386,0.0526142091767711,0.027690989294319,0
7.51573708264038,4.74069371032651,8.02923363095794,7.65028768532944,4.12221244709225,-1.35287439324376,-1.1062099542496,-1.66312809959889,0.884038925085589,0.631288159401328,0.306621288233729,0.499563690700969,0.0660047665412374,0
3.315544525749,2.27819394041552,3.94809249009937,6.35093297757123,2.90405416965092,-1.57318303298162,-0.579446781784529,-0.751424354884774,0.260947472663127,0.597836374561638,0.845438915419711,0.767143919772778,0.0429508029978128,0
5.45565908521804,6.72265914975768,8.31782096385617,8.39269742703345,4.05389799774156,-0.961444783178507,-1.88404147374254,-1.20841174082051,0.432457907284398,0.506045631014538,0.746549371306234,0.214118341243475,0.049762126554978,0
6.11287007411147,9.8140127607831,5.41257479260163,6.22525138679104,3.66274920440304,-0.776592350882792,-1.23863061274289,-1.64752624077736,0.535414133475337,0.782021128310832,0.0595146412924433,0.152783684516253,0.0282735274248707,0
6.82626317078101,1.97423063656414,4.01913439660006,8.47591820111712,2.61966646471897,-1.18445929718667,-0.522941973152955,-0.912265194379341,0.840013963070872,0.374546528747823,0.218385900382443,0.686972476906666,0.0375640229014313,0
8.22791836072615,7.17871145907014,9.67282476065245,6.12796917019753,4.38027785420073,-1.90556139227217,-1.87139735104281,-0.603319110885751,0.213959663364564,0.24776550469234,0.289346560987664,0.490830004217282,0.0121816404998949,0
6.21770489558684,8.23967435310763,9.96213920989129,1.50822122216878,2.86513531874982,-1.18628329310816,-0.680729142760311,-0.998122882881353,0.122092493948173,0.133525927558966,0.929035483164655,0.285886977072242,0.0110895329420719,0
8.57469614208519,1.52751255980178,2.17292190645509,3.11223617017991,4.60426991425927,-1.46536464889729,-1.97371227855162,-1.16519298681036,0.225598711726742,0.968512480309849,0.17750491466,0.748345740706794,-0.0633052523402607,1
6.64312515377693,4.66285090079228,3.77640829200464,5.61820532607754,2.52258362234415,-0.601012967317551,-0.818079544674989,-1.10349111035161,0.702192531591952,0.278811082349807,0.749802611137773,0.987685741454851,0.0794206198067428,0
7.72569964342745,7.74894828104146,4.22990422331516,9.25397451153476,2.70446344986783,-0.538219827737683,-1.02632512185666,-1.13991850027349,0.692406623198884,0.219832308177077,0.875499504443539,0.541093913772666,0.055272758053411,0
4.80514422344675,7.63733501933372,8.27420884115059,5.69933314390752,2.93172813756134,-0.682721376523282,-0.559503245479346,-1.68950351555871,0.572092265235246,0.403185475065563,0.534214194454494,0.335307591398008,0.0410087186301294,0
1.34700197448852,5.76207529366921,4.27047833306255,5.81941865685935,3.4995679147618,-0.806165587681613,-1.54289261968984,-1.15050970739035,0.436891419314166,0.940676371343357,0.0565324271518178,0.556588351901745,0.0224455174187835,0
3.91379940147314,3.6908613706769,8.31730783048728,6.32608244867687,4.00125981182693,-1.5446747149446,-1.84044292337756,-0.616142173504771,0.0568303564578132,0.971333735589043,0.353602884580338,0.521780902387261,0.0237940009536445,0
8.37277510874347,8.35040205784739,0.825197482299479,9.66429394277494,3.23549672724347,-0.834858381501562,-1.69371901614893,-0.706919329592981,0.131686553004981,0.324148313624625,0.133872244363356,0.554876034564163,0.0025364600635861,0
1.71341581030183,5.03212607885057,0.777311665349314,8.56071382479045,4.05337584120707,-1.60178527670406,-0.604124838250899,-1.84746572625211,0.389188949897935,0.847466220505963,0.868173116269935,0.424514809958262,-0.033218364897442,1
9.42068244637654,2.87621560585718,9.76487084740425,2.78602253638217,3.21587154881505,-1.21637154159073,-1.11649581949108,-0.883004187733238,0.826378587829409,0.135888343401747,0.728037760196267,0.399485961235794,0.0385631822913644,0
1.37645313464553,7.16078547324624,9.63836817235617,6.29835748969066,5.37877358978101,-1.88374277469466,-1.70549170551118,-1.78953910957517,0.354359682962154,0.730219377284851,0.31742423610969,0.346800588455377,0.0158630132497461,0
6.0605506944904,9.58229540851066,7.22088315381772,0.967163243552856,3.81610547769234,-1.22820120680045,-0.7950860607674,-1.79281821012449,0.859965833654049,0.682905007343303,0.720279920501504,0.690455574079135,0.0463500319924066,0
9.87556890463477,3.08302328144911,9.45260161146382,6.95691210638247,3.92717622503775,-1.57091137040277,-1.41943600504505,-0.93682884958993,0.662652725273394,0.537081714069697,0.337927227450602,0.578940843915784,0.0392952560446664,0
4.57611479038817,6.29149589855381,5.30028857118323,3.44230625886421,3.28237559533425,-1.98507416782957,-0.571703670046968,-0.725597757457709,0.910720051605316,0.687581626869865,0.553704125089567,0.288528272116844,0.0681989968401328,0
7.06163388210981,5.45357649658483,5.78397574574496,4.6422127517389,3.29157737477071,-1.08762407048602,-1.08866253495422,-1.11529076933047,0.636003589741206,0.765236956121901,0.328017463676413,0.568939185639529,0.0653882483397716,0
1.74385200204195,0.515264383813716,8.75420976583597,7.34919559937182,3.71749709884016,-0.805811703226867,-1.68818522448844,-1.22350017112485,0.248216091771984,0.365809467688852,0.773918459030155,0.378361181539999,-0.0047249973582814,1
4.5425698033339,1.48701318121927,6.11591708269037,5.30227912228374,3.31767471324784,-0.568967540047143,-1.09235899954099,-1.65634817365971,0.279099129421478,0.411924522736861,0.963122614780164,0.486511957783665,0.0346891869900168,0
7.48230400402552,7.74811045933977,8.93032902759534,5.45009437371392,5.50823018055704,-1.93472115534195,-1.9336676930438,-1.63984133217129,0.0533531269231392,0.424516185928545,0.477217669457465,0.68254279839789,0.0331255452496969,0
5.88204346621479,6.57280096566089,0.789880576909683,7.76772608335586,3.98697963628414,-1.50427002074562,-0.875855027396663,-1.60685458814186,0.297106327506629,0.395546288840112,0.340291573348561,0.864950450752984,0.0240309596411225,0
4.51054752967932,9.93116656685296,6.25821187733603,4.04183428144782,5.75270604246083,-1.81636807756798,-1.99673982454629,-1.93959814034656,0.863819474575614,0.330249459884546,0.802834469612411,0.499209259791851,0.0591171967195925,0
3.53810978463213,8.77266347533783,8.97393000976781,3.57061854143467,4.59916160782239,-1.28421171326631,-1.93374172197689,-1.38120817257919,0.0608302796951134,0.740096358818351,0.725052095500171,0.57721289634161,0.043354953729811,0
3.81112135870624,3.79018397953494,7.46954260104346,4.50254427837866,2.27215646362372,-0.985788030241174,-0.590207819636678,-0.69616061374587,0.414006510143381,0.333379411129032,0.97258374057489,0.0585001272164122,0.0252378164271074,0
8.97673727925597,4.95134432418437,3.98779900141384,0.613272242750228,4.82819715070533,-1.8506131161788,-1.86583998579552,-1.11174404873101,0.996162285921751,0.242548223601048,0.516008912808311,0.523275547768065,0.0062871849171068,0
5.33497049049025,4.61724089287528,7.45674184142981,7.69665378966633,3.05934281009888,-1.39669267328798,-0.715979964210745,-0.946670172600157,0.254004003246471,0.782379517214185,0.228786156993136,0.962215705738375,0.0582312578131755,0
9.43438679067921,6.36043808195214,3.17575133766516,6.10383507188167,4.78174465577948,-1.29698052758384,-1.53891529586118,-1.94584883233446,0.965455827552491,0.166238501479039,0.227093072113051,0.141105195889059,0.0216874477102809,0
1.79691617861214,5.35063097658652,2.78457100930541,5.39779428289242,2.7653916147193,-0.820788632461778,-1.00167182603349,-0.942931156224036,0.883734199422269,0.656154108624769,0.0637993385094637,0.794407092477881,0.0273440471737495,0
2.55906937119128,8.55828323291235,0.631103286919079,0.851496079632023,2.6646190308803,-1.06991009751313,-0.922865418351872,-0.6718435150153,0.974979324130154,0.166986340799831,0.734650610962812,0.481734233102481,-0.035776278065016,1
9.97041327098946,5.96858182069508,2.34262311605545,3.08351606695568,3.77210823521175,-1.54606253899677,-0.964770468901214,-1.26127522731377,0.427141832760229,0.972374602542913,0.38736759983562,0.903835773038351,0.0344256495753535,0
2.68014044449936,9.31230261179823,8.91961559424788,5.39923693441103,3.86620702824524,-1.91454345605131,-0.579847125950409,-1.37181644624352,0.725803130099204,0.981729885051467,0.504248136869359,0.843815472598723,0.0628503172070174,0
8.49533079429523,7.60695159285755,3.21793917443621,2.42866207966625,4.6260980168808,-1.94088830286312,-1.77245056067172,-0.912759153345961,0.218724342470259,0.854847472086123,0.209914368643421,0.698561285457029,0.0121036224921428,0
4.48313150587237,8.09541420777425,5.6147854254606,9.96832363153417,3.43462807708023,-0.881601787772251,-0.704699886327016,-1.84832640298096,0.899992056221258,0.731067566712609,0.206632606102236,0.517663886329706,0.0545436590388495,0
7.1639937385071,2.06544196710113,8.54527481484254,5.42346345077298,2.37692037780981,-1.12531072969089,-0.519572831041564,-0.732036817077361,0.200017642021839,0.271251714743201,0.49812379931013,0.797884913821076,0.0217642176676984,0
4.81485963518003,1.52069425076491,8.98304134704078,7.18874665970274,3.07616902081913,-1.31241511278725,-0.862491819283017,-0.901262088748859,0.511124827670685,0.307740305819863,0.601451650068639,0.16771679267025,0.0005369581610116,0
0.757934971548873,9.46204213826315,8.45601586062615,9.51703818202618,3.30205346571731,-1.0879285317265,-0.816943886453391,-1.39718104753742,0.923168338865115,0.675425934949287,0.662822180711404,0.364119405126126,0.0162839256190994,0
8.59383042367758,3.65171852435396,6.77879968711527,8.03070229319662,3.50595968025644,-1.08152937547613,-0.61070232167287,-1.81372798310744,0.580441585932156,0.4406306982429,0.508094215247126,0.910584307573265,0.0660135404203843,0
3.30934497738358,5.32886136828733,8.21894376958354,4.25521279811147,2.27013064845357,-0.647084754209907,-0.987823506992054,-0.635222387251607,0.408899328942331,0.349330710857587,0.73902414004046,0.095256232603658,0.0128768107650216,0
8.23421911818654,8.83525617171532,1.59934544876611,7.62040103067845,3.98096002530882,-1.65465562641161,-0.600065552451671,-1.72623884644554,0.812149886893758,0.143850509502519,0.980108942415168,0.654095210241171,0.0253997260673886,0
2.26663459929808,2.61331761868261,4.34105630107963,6.79961630150481,3.3202204858469,-0.545428426803811,-1.91303608558978,-0.861755973453307,0.0798414375160285,0.76051335856687,0.920034656561357,0.514706815791741,0.0315360492639601,0
5.85221049791031,4.00514769228406,2.45383573173472,3.85051415665963,2.69391748331795,-0.946882818638068,-0.899172725520784,-0.847861939159094,0.0957768288483296,0.360589119412057,0.67993500454806,0.958618130348349,0.0223379805380553,0
3.73366599386104,5.48402359309612,9.79685431504501,1.70606612425642,3.46300874819595,-1.65372284828387,-0.805826880597696,-1.00345901931438,0.329125587490734,0.0609375841949985,0.133350300086157,0.318923612418489,-0.0503821201681014,1
6.66255593619278,2.26087447863795,8.8407327537869,4.53167363572122,3.85079231368935,-1.63914582208191,-0.741797874340869,-1.46984861726657,0.956824917719682,0.316864539077755,0.674255432277321,0.264833304428316,0.0467170944620401,0
6.38082851996945,2.6841177761429,4.0787044991769,6.79520806063506,2.16175797661159,-0.789297453209199,-0.747951393148967,-0.624509130253422,0.488717920674739,0.896150369277963,0.694673478941133,0.240787643188237,0.0342256459521461,0
5.36231875922676,4.29036434086969,6.19520088678703,5.46101497963076,4.87325921120419,-1.62798663384316,-1.72211754389602,-1.52315503346501,0.414145013265626,0.44006589744156,0.268720940112208,0.547135608053734,0.0274567918982944,0
7.74175097831471,3.5998918977324,9.77541345311714,5.97021487469687,3.3095986030827,-0.997970873132453,-1.24529295151692,-1.06633477843333,0.512800164419234,0.981654414573904,0.556917640577429,0.0928451882664394,0.0308355653009088,0
6.72516452024373,4.44122752251341,0.852099662336067,9.45001558733795,3.65180063119826,-1.02310030453954,-1.35086407914564,-1.27783624751308,0.786081628426527,0.429406916272875,0.553540972084594,0.855650220813087,0.0335745009290902,0
8.7103060013378,1.31728039840477,5.78042668017106,6.36284633303743,3.85854656822579,-1.17534801988133,-1.69282057029557,-0.990377978048893,0.996433359341426,0.154183210553587,0.909438499364096,0.981383468404192,0.0851967892587816,0
7.81986128038354,5.50079786942685,6.83925910858257,8.24505886403064,4.67716015947388,-1.79387698971855,-1.1945318170992,-1.68875135265613,0.330017175601697,0.807726046952202,0.987057707897845,0.280513381906542,0.0722683652433942,0
7.16686270216242,3.6597238573609,5.43771091853168,3.22591754765169,4.61008857875713,-1.83759359865654,-0.833068416618905,-1.93942656348168,0.485295286959266,0.0752253341397038,0.631847766164859,0.694331485663703,0.0240230338645562,0
3.16912989644044,1.76310698421574,4.88653481138354,4.12775321139846,4.67021490780674,-1.8313669423118,-1.73122892989167,-1.10761903560327,0.0512535186033277,0.64082835880027,0.652323510725825,0.919405296099741,0.0282428610341222,0
3.91294159194285,0.628043528173876,4.49079783423786,7.93033475469278,2.69978174992375,-1.46640749473346,-0.62243711800098,-0.61093713718931,0.562659507630925,0.162097995382968,0.869378389036076,0.668350604695515,0.0341202673223198,0
6.20557754645663,6.52282948565924,7.31252796542082,2.02820570900891,2.83515133992867,-0.648536968587164,-1.54786049019267,-0.638753881148831,0.879769601188478,0.608148573053201,0.170082017973072,0.451696685311678,0.0395693820592784,0
3.42679982681887,2.88871124154276,8.62065694305956,9.68764249594124,3.9960810665595,-1.26742947625649,-1.18353028388916,-1.54512130641385,0.680658513404302,0.74375847200172,0.994885395699823,0.435476192390381,0.0424558895506978,0
5.14433564932195,5.78198344311025,6.51397498439179,5.12665379437049,4.88534830425151,-1.95738748126143,-1.38756570129517,-1.54039512169491,0.0995675347354147,0.495206199369905,0.869165228688357,0.498680609928672,0.0514992484708131,0
5.92443262287142,3.28895749669323,2.96179270687184,1.52772534299665,3.42090489306363,-1.18240700197658,-1.15392766178773,-1.08457022929932,0.655304543376009,0.147585272307856,0.796644056107948,0.930641039109145,0.0020390483022988,0
6.44985516236275,9.34028990160349,6.62020477181049,5.57522625428448,2.69055644807895,-0.917334279419284,-1.26486884105887,-0.508353327600798,0.427884593470374,0.673763341934421,0.774797925658855,0.0645796979536861,0.0510945632630691,0
1.45651383577904,7.12804392256675,1.52903801949897,0.711788382080698,3.02965299749327,-0.889527066420717,-0.765371976264555,-1.374753954808,0.992783984679862,0.587709236802153,0.879453239508226,0.363579832476121,-0.0333157284593367,1
3.46700549742379,9.11668438985511,3.04155878512678,1.8266850541984,2.95559373383696,-0.790744011974649,-1.63930760269696,-0.525542119165347,0.906188903776696,0.503722569314979,0.955961445920531,0.681552481029063,0.0078821027166161,0
3.83676081321808,6.51383581252535,7.67930588605704,7.33460236645897,4.34845537932508,-1.46153186250515,-1.13651896820356,-1.75040454861637,0.724058424181612,0.666138384942821,0.557750166250217,0.0717701535052888,0.0424094055139049,0
9.34168114264875,4.02935892933086,4.84420383975581,0.919505721265066,4.49780311535527,-1.84870335331785,-1.40347821903919,-1.24562154299823,0.817375355127042,0.799490617499698,0.349764708676565,0.57576848301176,0.0055206420728374,0
8.08128652384571,2.13649281788188,7.1099565444775,8.45668070425491,3.75177153194638,-0.745758392955747,-1.5723649868999,-1.43364815209073,0.698476737848248,0.271411521334533,0.449851274253646,0.406449169496651,0.035949713013341,0
4.00941282003361,3.75614995607579,5.86828976906972,5.73011122790939,3.83074827548012,-1.38623352960576,-1.4424814308853,-1.00203331498906,0.0725375485837145,0.617749759046162,0.424954543858276,0.696137693038248,0.0307862575852623,0
2.41648854504896,7.59199562688919,3.87580110378104,7.54379046681871,3.01149967639065,-1.35892456967195,-1.0875258176816,-0.565049289037101,0.355940455010852,0.693880773901681,0.711097758730798,0.59768926319328,0.0449578027265556,0
7.32863840469139,2.06647512565432,5.79828892350292,5.78407336733015,2.58693490748517,-0.564305117720785,-1.35141891435435,-0.671210875410039,0.770133194932502,0.565140618250482,0.696012126469149,0.542301894173269,0.0574670726141154,0
3.33599630596432,7.08829135822783,1.73309324951579,3.65886326062861,4.25548193420288,-0.947974816959281,-1.97258706459837,-1.33492005264523,0.61977753344917,0.43664305830995,0.290835709928757,0.974643276871446,0.0249337273447933,0
6.95297629378297,2.64994056528028,4.81263840513566,6.0385050830846,4.3820742053416,-1.71823222326693,-1.04522345946007,-1.6186185226146,0.891955369089597,0.97428766730282,0.765071785415763,0.270666058790655,0.0665084879914137,0
8.72265013591351,9.00751165142696,4.47722368674112,3.36283221613816,4.38904640043683,-0.786480879610823,-1.64760628034793,-1.95495924047808,0.214501143145486,0.25521376441106,0.82583893898606,0.883806381761758,0.0239220627351313,0
5.50936475874304,0.877761255766044,2.61588728040367,1.7983100635877,2.77563917053915,-1.08876678107963,-0.889591533065308,-0.797280856394209,0.457628835751226,0.861425796792989,0.945957748149238,0.544607089900272,-0.027075990670396,1
4.27921330523891,1.46850968632444,6.62341176644319,6.0506315162802,4.55462038953246,-1.99311308952987,-1.1067110471437,-1.45479625285889,0.24348809576289,0.905472853314949,0.49331311498782,0.773545597128107,0.0189215042661603,0
5.40024330262397,2.12997840522836,5.30873989534636,9.09515809178091,2.49586685601657,-0.913237519811513,-0.780329035613395,-0.80230030059166,0.878224506966795,0.897287449841633,0.397893650830443,0.293577907905859,0.0289758093983089,0
6.30134952658251,8.69914296631541,8.9259560019547,2.29152738242971,4.350455475751,-1.36913433787569,-1.41015701397955,-1.57116412389576,0.158706464365778,0.903662958825082,0.129574638739394,0.691925860524169,0.0122942611396069,0
6.71224389769671,2.86480561722321,6.71319293435399,4.26318736702774,3.11910273376512,-0.74681681834266,-1.77270506784979,-0.599580847572675,0.264959907414144,0.565682480390868,0.517856204812473,0.854004810693369,0.0394414295996989,0
7.33563383594531,1.9304117454174,0.684690425337711,7.96811906025327,3.65207283947737,-0.893380212308909,-1.61798111819715,-1.14071150897131,0.853768223989846,0.659094812032162,0.214110053241085,0.395752674276316,0.0054881620089084,0
4.17994243440056,4.7475668994578,2.22813791335665,1.42635577258378,4.3568301996925,-1.87135920121649,-1.01818494277042,-1.46728605570559,0.928947710513364,0.654029290720701,0.0888839871539595,0.899899520484791,0.0273646752159994,0
6.5002081362017,3.76975473047729,4.05140367468396,5.63385518965344,3.42680747208647,-1.05982383833406,-1.76054093758828,-0.606442696164129,0.59240406204737,0.372750436618387,0.329306991127697,0.198811307329097,0.0068795036811398,0
5.52723767892109,4.6056655529866,5.35654820321008,5.4939992178545,3.13275964053244,-0.694729782212619,-1.18942464516377,-1.24860521315605,0.690851392876303,0.120929151552636,0.432076475207661,0.613884086778821,0.0435381782498098,0
8.5853507011955,7.80177563845519,4.99289215731311,7.92891510127244,2.91843082195055,-1.07193267883492,-1.15905860731561,-0.687439535800018,0.540795082236219,0.908333971946971,0.171074585692581,0.723833541954755,0.0713913615091281,0
1.58917981967402,8.94229409263144,0.749390960714535,8.74190190106487,3.55703694602171,-1.1380581720262,-0.543555810930871,-1.87542296306464,0.493543655657783,0.977763862881936,0.414925379101329,0.486823650753632,0.0107612604723722,0
0.871811240096029,3.53357900904592,2.82819628242342,4.24121457039617,3.66447596477524,-0.736209753333032,-0.979164161200845,-1.94910205024136,0.525450947927759,0.81798085709938,0.696817100456273,0.493626368077826,0.0231411885296942,0
3.0856028637531,9.59848117255288,5.71124748681986,6.64262808202729,3.01864853254996,-0.800330234279216,-1.60165294606049,-0.616665352210251,0.274955534356227,0.738367173184377,0.533117299137865,0.723905646655361,0.0535999224850632,0
6.50245656784875,5.3569776301284,2.12084201643163,8.15936161704129,2.07047012281779,-0.561869485802285,-0.705503726873477,-0.803096910142025,0.977099423414804,0.613118187216358,0.932916123574483,0.869719912588125,0.0747558669491065,0
3.23802135259846,2.94834866890842,5.47958810598041,8.37952456635268,4.53056263043509,-1.83567350892805,-0.863834980534669,-1.83105414097237,0.328275260350527,0.597226617442224,0.320524426635691,0.908490303881381,0.0271716223646656,0
5.91043714068743,6.27248558770217,7.66957371973828,3.4141543385859,4.72279202764611,-1.40332087901633,-1.99787078332979,-1.32160036529999,0.169677227575935,0.722460902603462,0.317099262032225,0.28823509013274,0.0162679371337412,0
1.48391023545577,8.94741277961188,6.07701084014366,0.940928669743286,5.24170708517097,-1.32260553809351,-1.93157977241534,-1.98752177466212,0.481089620599233,0.154233538546468,0.657602270027184,0.602832277337421,-0.0443083467867311,1
6.14769390715091,4.74240097027521,7.93120876639029,2.23829334991071,4.69751556017494,-1.40876894945432,-1.83105809729447,-1.45768851342615,0.531641372459428,0.993833844720807,0.585196991070243,0.850592739367124,0.0608086810183933,0
7.3305111529062,3.04528438652902,4.3724472951782,6.33262351445796,3.01320208765847,-1.05109099271196,-0.949051714143285,-1.01305938080323,0.309816142746242,0.395382309657377,0.729459337933915,0.371587860413904,0.0204800075058412,0
7.79201648983921,1.10433498158891,3.54828551741169,7.55677956160005,4.02829382592462,-1.57156121293055,-1.49258063990609,-0.964151973087981,0.564122223472892,0.202707099504429,0.476889319985763,0.90014718844119,0.0376900119380511,0
7.71982361540794,3.80720647918502,1.05391012039138,4.03763738969067,2.87184240825962,-0.857348943111987,-1.07496068481898,-0.939532780328649,0.637927808075639,0.694059750537889,0.608459642557795,0.0509227516204363,-0.0212242555860599,1
9.06154896327227,1.86622782485728,4.62407474196724,9.1180739175715,3.91772621234755,-1.07083364257554,-1.03239173837681,-1.8145008313952,0.290909647258037,0.80688245340065,0.348336109704219,0.338987223137548,-0.0250246476425227,1
1.17853941635039,1.70684623190166,8.62924935908362,9.24996560477174,5.22472748743645,-1.53794205906974,-1.94824490003695,-1.73854052832976,0.217607450387598,0.709992568402164,0.644036730915701,0.616178683862196,0.0037878055445268,0
9.05176535851213,1.38090772298248,3.5831188238224,2.75783050740738,2.75808797386653,-0.750799738054909,-1.40840239534295,-0.598885840468667,0.585802355287949,0.703453845193241,0.706350458272769,0.894998053797277,-0.0190810276941623,1
9.67273626637998,4.48152445259599,0.869358072553924,9.3257494913514,3.07953475934516,-1.21050968058185,-1.32353060336661,-0.545494475396699,0.650155143469417,0.540375714006502,0.0674966482837417,0.563548239298337,0.0320408095415875,0
6.16985133344219,7.93395404903606,9.99298194403339,4.90413894310388,3.37751363047084,-1.21428861564826,-0.782648326736444,-1.38057668808614,0.449758522940963,0.0854782435790077,0.870401804083517,0.343250793201118,0.0357004949779126,0
5.54226151764555,2.83237834482688,7.77053797954381,1.54142826029755,4.63817692279589,-1.21695843562535,-1.46252433086672,-1.95869415630382,0.851248776562342,0.291627903613046,0.54240353935571,0.630609637378764,0.0178292560839511,0
6.17299326796021,4.82134783208974,7.11905100827585,7.06383082704494,4.64086067648497,-1.2537818324699,-1.68549861312683,-1.70158023088824,0.634630777955704,0.112602206296807,0.639977681035751,0.497193849321469,0.0504868461355197,0
1.86630517552301,5.65793071989084,7.93742512338433,2.0161941048793,5.47149826169108,-1.93312334288742,-1.67596180487368,-1.86241311392998,0.739903129906338,0.606026208161284,0.638077543907062,0.0923870459093026,0.0044258944269478,0
7.36263379643927,4.78944827129644,2.30132312945527,6.6386784844353,2.98598165259246,-0.594767510763777,-0.889538192186516,-1.50167594964217,0.330876924978148,0.681352599496638,0.220077778062788,0.229120768256299,0.0002373719064305,0
4.47789615181807,2.1595815183094,3.57689689965592,1.79584584373885,2.95177225214577,-1.54036922149621,-0.882204831202352,-0.529198199447209,0.702599246083022,0.397860502922635,0.785096490948474,0.643629575397432,0.0331769811662184,0
5.15215700399237,5.831118626441,1.10612372210487,0.764953895688499,3.14415103945462,-0.895924092969881,-1.74330629906307,-0.504920647421665,0.95229296656176,0.992308636365117,0.482339783081504,0.460483476074233,0.0351593228195699,0
5.77862579483297,2.80961113444467,5.90397815765431,9.84472982694599,3.71215952421053,-0.715264485416084,-1.89543690763894,-1.10145813115551,0.102087168931664,0.66932147099609,0.666607711236428,0.309198354625858,0.0014473079395484,0
7.5975740680529,7.01662824668154,7.03170202440308,4.41864199411356,3.0920075934315,-1.51827365864809,-0.616138285002741,-0.957595649780671,0.0694696717285796,0.742712338394363,0.670236042047701,0.099994146156091,0.0343236506983264,0
0.706961008942604,7.50450130162428,7.14213811023514,7.59886036693749,3.75573169473064,-1.38689089793734,-1.01689839993761,-1.35194239685569,0.402856979414069,0.644499457483884,0.302397634037883,0.92545666584419,0.0416258576411517,0
2.2437004824898,5.08297922693407,1.19924009786086,2.09262748005157,3.95658222022288,-1.09954676852043,-1.82227385934191,-1.03476159236054,0.827375454788384,0.94048777842745,0.876064923181983,0.50812440335962,0.0230223416164215,0
4.69555726318437,3.40387239863771,6.60446445185788,2.65794496841107,4.23708490475763,-0.673087979695282,-1.65617188975393,-1.90782503530842,0.638218715087706,0.637885950673642,0.508714056284237,0.732244758422469,0.0477525920237724,0
4.14202400296237,8.55639218658897,3.336799778853,3.30644173230758,3.80331524957354,-1.62061887910765,-1.12140808006156,-1.06128829040433,0.232717870192359,0.659618953588104,0.888085953761727,0.209897791881267,0.0094198462712507,0
7.14968283074884,5.60824730102577,3.36727206904717,7.77445207565789,3.37178770962053,-1.00483562571288,-1.09060104078492,-1.27635104312273,0.419037482336598,0.246223189554732,0.945343586428451,0.648659354271454,0.0432908278936362,0
8.08929458889075,3.83283838201812,4.25732193140376,9.73314889582824,3.93049020042799,-1.49582215672771,-1.45841323344081,-0.976254810259468,0.0826714568814065,0.978782706858403,0.684053457820597,0.84282009588712,0.0412771833149873,0
8.88447946333116,4.14360371318208,6.15952116767826,6.52404949965571,3.76687432593042,-0.886588106480148,-1.47593754484849,-1.40434867460178,0.296147035670723,0.706706122923699,0.485880416591902,0.306304100763991,0.0294854136901322,0
4.46035062016522,3.95823614479754,3.10740847727204,9.67656016893756,3.15203370241223,-0.946018142485654,-1.52253034391333,-0.683485216013249,0.339881187805232,0.745573727870992,0.766925265453599,0.757605073691855,0.028220128653324,0
3.36014165846799,5.32208335028152,7.70287940362972,0.666114820790116,3.70590326152529,-1.82241084957737,-1.04155871940262,-0.841933692545304,0.377035783153895,0.749450597427415,0.904645852566472,0.302146216201385,0.034587595942121,0
9.40772623389233,7.70349906539067,2.34889762802874,5.71147328208907,3.2610337716014,-0.765928775658552,-0.788768908869091,-1.70633608707376,0.316492896687363,0.515915957677205,0.118294033384752,0.483032784727908,0.0156123654029112,0
2.81882873551024,9.33409823536536,6.05185066037285,7.41954553113602,3.09597463026865,-0.703527984592831,-1.09158613092087,-1.30086051475495,0.0618921819952398,0.249097336950677,0.838269486525017,0.101607215571497,0.0033575542117055,0
6.48381927731732,7.24659912398603,4.46822445401337,1.57466933737706,2.33537142831513,-0.721564025507239,-0.725173621318769,-0.888633781489125,0.681267098981763,0.36727840059302,0.560255477070505,0.580249806616075,0.023599948138301,0
3.28862149029895,7.67246825107012,3.19928937196755,6.73386321518618,3.16062254812288,-0.972434199740272,-1.23146447980261,-0.956723868579999,0.600337819547416,0.181883713920915,0.495568862686481,0.110698669699657,-0.0305787078164566,1
4.68054463092685,5.51302984261792,9.78931204259467,4.38048559153437,2.53254651888286,-0.652673632829054,-1.01757938259036,-0.862293503463443,0.415925371992507,0.867230097849694,0.764895227906951,0.19375247168799,0.0484256185420537,0
2.33933710165536,2.12850523625866,2.30730657960245,3.32824518036433,2.81716758601226,-1.26908417686907,-0.851218740467355,-0.696864668675838,0.978273690738852,0.299676887339426,0.431849910911532,0.31346442785944,-0.006599539329303,1
3.08900024912937,3.18356796368618,1.56454741563539,6.1250958712365,4.74971614820579,-1.65633452657295,-1.78433953728754,-1.3090420843453,0.989673412736056,0.744026610975482,0.765463978330828,0.478253482458275,0.0436436899678687,0
8.67689455715097,5.58332528932482,4.92540189980591,7.3562122896724,2.82824733012091,-1.39673198846508,-0.929289557595819,-0.50222578406001,0.595003445440603,0.983650729391923,0.245571184843254,0.454155494134516,0.0624905100491812,0
4.91766126800484,7.69158549780765,8.91291002317041,6.80269726554175,2.80589741852216,-1.01023116555957,-1.15819260315772,-0.637473649804865,0.729589049685214,0.256740937723778,0.127864262901779,0.650910232997575,0.0366335013712981,0
6.53776415092373,8.23700475258332,7.79791729900952,2.14965141300054,3.54326558361186,-1.57834852335928,-1.25853365195442,-0.706383408298157,0.506161885547193,0.989750251488577,0.279820243602404,0.606990552926963,0.0453212834979448,0
7.56255773594594,0.949085097421787,5.26805948230842,8.75087443754821,3.03893016463764,-0.920831194618612,-1.42836555439861,-0.689733415620413,0.764098336093605,0.405401600676847,0.635408303808572,0.992681950530683,0.0588169317114614,0
2.45164167683661,4.25958634614858,2.28496191782872,5.37492413288936,3.57242594191142,-1.80494813870272,-0.954734124066983,-0.812743679141719,0.808693702615033,0.629965468497353,0.543123954195591,0.590430023764659,0.0408658303993901,0
7.27177402251685,7.14236798135433,4.08266124919618,7.77686831610937,4.65000848653601,-1.40956272092095,-1.58101864328354,-1.65942712233152,0.826121262035526,0.313091428942283,0.936612602398668,0.694005367690468,0.0771916632529637,0
1.15043306599341,5.75772878374949,8.6530940900839,3.44137873489712,4.09945191162833,-0.729319472009328,-1.5561510499415,-1.8139813896775,0.22009282309123,0.987176307435257,0.741730138216758,0.112782668332783,0.0348841186152017,0
9.14591945204626,2.09954569497721,6.02450079419641,0.933475069643662,3.86043912788179,-1.35866213367257,-0.69416297502321,-1.80761401918601,0.635251863505741,0.234850252770808,0.499277008277529,0.789588032158446,-0.0201729876995381,1
5.44205294695828,1.57980139824923,5.1267941577433,4.94352771789077,3.14044597225219,-1.11850137182721,-1.14244802891287,-0.879496571512113,0.722228151054413,0.844302082055599,0.811105197710268,0.076689853974008,0.0311423213073438,0
5.43461159820437,8.70807055794214,2.74680277083549,4.06173146409671,5.02366110642878,-1.64316726225455,-1.75877847025018,-1.62171537392405,0.409613819743494,0.556839385931008,0.498705086636495,0.352913303707219,0.0091236940290471,0
9.39177633407899,4.84927953102221,4.30065881824228,1.36243078571063,4.80539829376843,-1.75203018932973,-1.56638051599414,-1.48698758844456,0.998917123992918,0.634937669005127,0.305815625578243,0.0908629686295707,0.0335185606003405,0
4.9281467253312,5.40194926032665,4.576657506622,1.72143659980415,4.77065024141962,-1.3952067917382,-1.64621098484539,-1.72923246483603,0.690958302157054,0.52825103511007,0.148013880761344,0.35495188612868,0.0077787731164351,0
8.0183389720001,8.07616323213066,6.14226860975667,7.15073138967155,2.2857784039257,-0.80636459080457,-0.648099012868037,-0.831314800253091,0.151465408776891,0.555146089176572,0.374852233695764,0.258430108006577,0.0211236518026703,0
1.54310571029707,2.26142301806775,3.84797217897528,5.67932370371048,1.91177300735093,-0.74786102620163,-0.520797670720355,-0.643114310428943,0.456308708247633,0.517390106610157,0.69221854456405,0.531000094388119,0.0046427614772823,0
